contract_id,content_id,studio,royalty_rate,rate_per_play,territory,start_date,end_date,tier_threshold,tier_rate,min_guarantee
C0001,Movie_001,Sony Music,15.4,0.0619,"US,CA,UK",2023-02-27,2023-09-20,250000,0.0381,750.0
C0002,Movie_002,Disney,13.1,0.0122,"UK,FR,AU",2023-02-14,2024-10-18,50000,0.007,750.0
C0003,Movie_003,Warner Bros,15.6,0.0254,US,2023-11-29,2025-07-30,50000,0.018,750.0
C0004,Movie_004,Netflix Originals,9.0,0.0209,"JP,DE",2023-06-24,2024-09-30,100000,0.0169,200.0
C0005,Movie_005,Lionsgate,9.2,0.0665,"IN,BR",2023-06-26,2024-09-18,100000,0.0497,200.0
C0006,Movie_006,Warner Bros,14.6,0.0504,"UK,FR,AU",2023-05-31,2024-12-01,100000,0.0373,200.0
C0007,Movie_007,Netflix Originals,9.6,0.0366,"IN,JP,DE",2023-04-30,2024-02-07,100000,0.0246,200.0
C0008,Movie_008,Disney,9.6,0.0526,"US,CA,UK",2023-05-17,2024-01-25,100000,0.0314,500.0
C0009,Movie_009,Warner Bros,10.3,0.0579,"US,CA,UK",2023-12-19,2025-01-26,50000,0.045,500.0
C0010,Movie_010,Netflix Originals,10.1,0.0248,"JP,DE",2023-05-18,2024-01-20,100000,0.02,500.0
C0011,Movie_011,Lionsgate,13.4,0.0285,"US,CA,UK",2023-08-23,2024-07-14,250000,0.0176,750.0
C0012,Movie_012,Sony Music,13.1,0.0353,"JP,DE",2023-10-26,2025-06-05,50000,0.0289,200.0
C0013,Movie_013,Indie Label,14.0,0.0539,"IN,JP,DE",2023-02-26,2024-01-28,100000,0.0412,500.0
C0014,Movie_014,Warner Bros,14.8,0.0276,"UK,FR,AU",2023-08-28,2025-08-18,50000,0.0193,750.0
C0015,Movie_015,A24,8.0,0.0178,"UK,FR,AU",2023-05-17,2024-10-26,250000,0.0119,750.0
C0016,Movie_016,Paramount,16.4,0.0455,"IN,BR",2023-09-14,2024-09-10,250000,0.0263,750.0
C0017,Movie_017,Lionsgate,17.2,0.0634,US,2023-03-20,2024-10-02,250000,0.0441,500.0
C0018,Movie_018,Paramount,10.4,0.075,"JP,DE",2023-01-10,2023-10-31,50000,0.059,750.0
C0019,Movie_019,Lionsgate,15.7,0.0671,"US,CA",2023-02-13,2024-12-21,50000,0.0546,750.0
C0020,Movie_020,Indie Label,17.6,0.0286,"JP,DE",2023-10-09,2024-09-22,250000,0.0225,750.0
C0021,Movie_021,Netflix Originals,12.4,0.0379,"US,CA,UK",2023-04-13,2024-08-24,250000,0.0277,500.0
C0022,Movie_022,Lionsgate,10.3,0.0145,"US,CA",2023-05-07,2024-06-20,50000,0.0081,200.0
C0023,Movie_023,Netflix Originals,8.7,0.026,"US,CA",2023-12-29,2024-08-25,50000,0.0207,500.0
C0024,Movie_024,MGM,13.8,0.0477,"US,CA,UK",2023-09-06,2024-10-09,50000,0.0356,500.0
C0025,Movie_025,Netflix Originals,12.2,0.0166,"IN,JP,DE",2023-07-28,2024-08-05,100000,0.0121,750.0
C0026,Movie_026,Universal,10.5,0.0142,"US,CA",2023-12-11,2024-09-16,50000,0.0106,750.0
C0027,Movie_027,Universal,12.4,0.0228,"JP,DE",2023-03-13,2024-11-14,250000,0.0154,200.0
C0028,Movie_028,Disney,9.7,0.0778,"US,CA",2023-11-30,2024-06-12,100000,0.0622,500.0
C0029,Movie_029,Indie Label,10.7,0.0215,US,2023-07-25,2024-03-21,100000,0.0118,500.0
C0030,Movie_030,Warner Bros,13.8,0.0208,"JP,DE",2023-12-23,2025-10-31,250000,0.0131,200.0
C0031,Movie_031,Lionsgate,9.6,0.0135,"US,CA,UK",2023-06-10,2024-02-03,250000,0.0092,200.0
C0032,Movie_032,Disney,12.0,0.0517,"IN,JP,DE",2023-04-06,2023-12-12,250000,0.0379,200.0
C0033,Movie_033,MGM,13.7,0.0534,"UK,FR,AU",2023-11-01,2024-06-08,100000,0.0354,500.0
C0034,Movie_034,Paramount,12.6,0.0267,US,2023-12-09,2025-04-23,50000,0.0175,200.0
C0035,Movie_035,Paramount,9.3,0.0151,"JP,DE",2023-11-15,2024-08-23,100000,0.0092,200.0
C0036,Movie_036,Paramount,14.1,0.021,US,2023-07-09,2024-10-22,250000,0.0163,750.0
C0037,Movie_037,Sony Music,10.6,0.0752,"US,CA",2023-12-08,2025-04-07,50000,0.0435,750.0
C0038,Movie_038,Netflix Originals,10.0,0.0297,"UK,FR,AU",2023-03-21,2024-06-21,250000,0.018,500.0
C0039,Movie_039,Universal,14.3,0.0734,"UK,FR,AU",2023-09-08,2024-11-18,100000,0.0571,200.0
C0040,Movie_040,A24,13.5,0.0546,"US,CA",2023-06-20,2024-04-28,100000,0.0339,750.0
C0041,Movie_041,Sony Music,13.5,0.0762,"US,CA",2023-02-27,2023-11-11,100000,0.0561,750.0
C0042,Movie_042,Warner Bros,17.0,0.0189,"UK,FR,AU",2023-03-17,2024-11-26,50000,0.012,750.0
C0043,Movie_043,Indie Label,17.7,0.0348,US,2023-12-08,2024-09-18,250000,0.0244,200.0
C0044,Movie_044,Netflix Originals,15.8,0.0717,US,2023-03-25,2024-03-20,100000,0.0399,750.0
C0045,Movie_045,Indie Label,16.7,0.0211,"IN,JP,DE",2023-05-08,2024-08-03,100000,0.0156,200.0
C0046,Movie_046,Disney,10.2,0.0314,US,2023-08-24,2025-02-12,250000,0.024,200.0
C0047,Movie_047,Paramount,11.5,0.0705,"JP,DE",2023-06-18,2024-09-25,250000,0.0572,500.0
C0048,Movie_048,Paramount,9.8,0.0757,"US,CA,UK",2023-10-02,2025-03-04,100000,0.044,200.0
C0049,Movie_049,Indie Label,14.1,0.0342,"US,CA",2023-11-02,2025-07-18,250000,0.0261,200.0
C0050,Movie_050,Warner Bros,13.2,0.0278,"JP,DE",2023-10-23,2024-10-31,250000,0.0206,750.0
C0051,Movie_051,Netflix Originals,14.2,0.0355,"US,CA,UK",2023-12-10,2024-12-25,250000,0.0202,200.0
C0052,Movie_052,Indie Label,15.0,0.0316,"US,CA,UK",2023-06-03,2025-05-02,250000,0.0209,200.0
C0053,Movie_053,MGM,13.7,0.0574,US,2023-08-04,2025-02-22,100000,0.0456,750.0
C0054,Movie_054,MGM,14.1,0.0301,"IN,JP,DE",2023-01-01,2024-05-06,100000,0.02,500.0
C0055,Movie_055,Sony Music,14.6,0.0458,"JP,DE",2023-08-15,2024-09-16,100000,0.035,750.0
C0056,Movie_056,Disney,14.7,0.0165,"US,CA,UK",2023-11-21,2025-04-27,50000,0.0133,200.0
C0057,Movie_057,Universal,12.6,0.0271,US,2023-01-13,2023-08-28,250000,0.0184,750.0
C0058,Movie_058,Warner Bros,16.9,0.0446,US,2023-12-23,2025-07-18,50000,0.0275,500.0
C0059,Movie_059,Universal,12.6,0.0425,US,2023-04-01,2025-03-11,100000,0.0298,750.0
C0060,Movie_060,MGM,16.2,0.0765,"UK,FR,AU",2023-10-14,2025-03-01,250000,0.0605,500.0
C0061,Movie_061,A24,12.5,0.0728,"IN,JP,DE",2023-10-08,2025-07-05,50000,0.0547,750.0
C0062,Movie_062,Universal,15.1,0.0539,"IN,BR",2023-09-24,2025-07-31,50000,0.0336,500.0
C0063,Movie_063,Sony Music,15.1,0.0197,"IN,BR",2023-06-13,2024-03-01,50000,0.0121,500.0
C0064,Movie_064,Indie Label,11.9,0.0391,"JP,DE",2023-06-19,2025-04-06,250000,0.0237,750.0
C0065,Movie_065,Paramount,15.5,0.0434,"US,CA",2023-10-22,2025-05-13,100000,0.0349,750.0
C0066,Movie_066,A24,8.3,0.0442,"US,CA,UK",2023-10-07,2024-11-15,100000,0.0276,750.0
C0067,Movie_067,MGM,13.3,0.0688,"US,CA,UK",2023-07-27,2024-07-10,100000,0.0549,750.0
C0068,Movie_068,A24,9.8,0.0159,"UK,FR,AU",2023-12-06,2024-06-30,100000,0.0106,500.0
C0069,Movie_069,Indie Label,10.8,0.0329,"IN,BR",2023-04-19,2025-01-23,100000,0.0249,500.0
C0070,Movie_070,Netflix Originals,10.2,0.0114,"IN,JP,DE",2023-02-11,2024-12-03,50000,0.0079,750.0
C0071,Movie_071,Sony Music,10.4,0.024,"US,CA",2023-01-16,2024-03-24,100000,0.0133,750.0
C0072,Movie_072,Netflix Originals,9.7,0.0426,"US,CA",2023-10-16,2024-11-22,250000,0.0264,750.0
C0073,Movie_073,Warner Bros,17.3,0.0775,"US,CA,UK",2023-02-28,2024-02-10,250000,0.0449,750.0
C0074,Movie_074,Disney,9.0,0.0153,"JP,DE",2023-07-23,2024-08-09,100000,0.0113,750.0
C0075,Movie_075,Netflix Originals,8.7,0.0343,"UK,FR,AU",2023-03-03,2023-10-11,250000,0.0228,500.0
C0076,Movie_076,A24,15.1,0.0174,"US,CA",2023-08-04,2025-06-15,100000,0.0141,200.0
C0077,Movie_077,A24,12.6,0.0531,"US,CA,UK",2023-09-25,2024-12-24,250000,0.0424,750.0
C0078,Movie_078,A24,10.4,0.0682,"IN,BR",2023-06-15,2024-08-19,100000,0.0391,750.0
C0079,Movie_079,Netflix Originals,9.8,0.0335,"UK,FR,AU",2023-12-09,2025-06-29,50000,0.0229,500.0
C0080,Movie_080,Paramount,13.6,0.0296,"IN,JP,DE",2023-05-13,2024-10-22,250000,0.021,200.0
C0081,Movie_081,A24,14.5,0.0442,"US,CA",2023-05-04,2024-12-20,100000,0.0334,500.0
C0082,Movie_082,Disney,11.1,0.0306,"IN,JP,DE",2023-01-09,2023-10-11,250000,0.0202,500.0
C0083,Movie_083,Lionsgate,11.3,0.0341,"JP,DE",2023-10-11,2025-10-03,250000,0.0279,500.0
C0084,Movie_084,Netflix Originals,9.2,0.0261,"IN,BR",2023-06-06,2024-08-16,250000,0.0194,750.0
C0085,Movie_085,MGM,17.8,0.0617,US,2023-04-09,2024-05-14,250000,0.0385,750.0
C0086,Movie_086,Paramount,8.1,0.0307,"IN,BR",2023-02-21,2024-03-05,250000,0.0199,200.0
C0087,Movie_087,Sony Music,14.4,0.0487,"IN,BR",2023-01-24,2023-09-16,100000,0.036,200.0
C0088,Movie_088,Sony Music,17.7,0.0429,"IN,JP,DE",2023-01-07,2024-04-22,100000,0.0287,500.0
C0089,Movie_089,Warner Bros,9.5,0.0444,"US,CA",2023-02-03,2024-09-15,250000,0.0313,500.0
C0090,Movie_090,MGM,15.9,0.0491,"US,CA",2023-05-08,2024-03-04,50000,0.0325,750.0
C0091,Movie_091,Indie Label,11.1,0.0308,"JP,DE",2023-08-19,2025-05-13,250000,0.0218,200.0
C0092,Movie_092,Universal,9.6,0.0538,"UK,FR,AU",2023-02-20,2024-03-18,50000,0.0334,750.0
C0093,Movie_093,A24,10.9,0.0386,"US,CA",2023-03-22,2023-09-20,50000,0.0284,500.0
C0094,Movie_094,Paramount,15.9,0.015,"US,CA,UK",2023-05-25,2025-02-27,250000,0.0092,750.0
C0095,Movie_095,Sony Music,17.1,0.018,"US,CA,UK",2023-04-12,2024-12-17,50000,0.011,200.0
C0096,Movie_096,Paramount,12.4,0.0517,"US,CA",2023-03-26,2024-08-01,100000,0.0399,750.0
C0097,Movie_097,A24,12.4,0.076,"IN,BR",2023-12-25,2025-08-08,250000,0.0521,200.0
C0098,Movie_098,MGM,13.9,0.0118,"JP,DE",2023-06-15,2024-08-24,50000,0.0072,750.0
C0099,Movie_099,Lionsgate,14.5,0.0634,"IN,JP,DE",2023-05-18,2023-12-25,100000,0.0379,200.0
C0100,Movie_100,Indie Label,11.3,0.0778,"UK,FR,AU",2023-08-12,2025-06-25,250000,0.0527,200.0
C0101,Movie_101,Indie Label,16.1,0.0388,"IN,JP,DE",2023-03-24,2024-08-22,250000,0.0265,200.0
C0102,Movie_102,Indie Label,16.6,0.0277,"JP,DE",2023-02-15,2024-07-01,50000,0.0161,750.0
C0103,Movie_103,Netflix Originals,14.2,0.0389,"IN,JP,DE",2023-10-05,2025-07-19,100000,0.0234,750.0
C0104,Movie_104,Paramount,12.4,0.0287,"JP,DE",2023-01-27,2024-02-19,250000,0.0168,500.0
C0105,Movie_105,Warner Bros,13.5,0.0597,"US,CA",2023-01-15,2024-03-15,50000,0.0378,200.0
C0106,Movie_106,Sony Music,13.0,0.0763,"IN,JP,DE",2023-02-28,2024-12-11,250000,0.0553,500.0
C0107,Movie_107,A24,10.4,0.0391,"UK,FR,AU",2023-12-28,2025-03-31,250000,0.0266,200.0
C0108,Movie_108,Universal,10.8,0.0622,"JP,DE",2023-04-08,2025-03-08,100000,0.0365,500.0
C0109,Movie_109,Paramount,16.4,0.0674,"IN,JP,DE",2023-09-17,2024-12-13,250000,0.0422,750.0
C0110,Movie_110,Lionsgate,15.6,0.0477,"JP,DE",2023-03-18,2024-12-14,100000,0.0307,500.0
C0111,Movie_111,Indie Label,8.4,0.05,"IN,BR",2023-04-07,2024-06-04,250000,0.0307,500.0
C0112,Movie_112,Sony Music,13.0,0.0792,"US,CA,UK",2023-07-15,2025-02-09,50000,0.0605,200.0
C0113,Movie_113,A24,9.0,0.0709,"UK,FR,AU",2023-10-30,2025-04-01,100000,0.0557,200.0
C0114,Movie_114,Universal,12.7,0.071,"US,CA,UK",2023-03-15,2024-11-03,100000,0.0576,500.0
C0115,Movie_115,Lionsgate,11.8,0.0555,"UK,FR,AU",2023-12-21,2025-07-30,100000,0.0433,750.0
C0116,Movie_116,Paramount,18.0,0.0532,"US,CA,UK",2023-09-07,2024-04-10,250000,0.0326,200.0
C0117,Movie_117,Warner Bros,8.5,0.0411,"JP,DE",2023-02-20,2023-11-29,50000,0.0303,500.0
C0118,Movie_118,MGM,14.8,0.0202,"IN,BR",2023-07-11,2025-03-23,50000,0.014,200.0
C0119,Movie_119,MGM,9.4,0.0534,US,2023-02-10,2024-09-03,100000,0.0328,750.0
C0120,Movie_120,A24,17.0,0.0567,"IN,BR",2023-08-24,2024-11-07,250000,0.0449,750.0
C0121,Movie_121,Paramount,14.4,0.0762,US,2023-02-07,2024-10-31,100000,0.0622,750.0
C0122,Movie_122,A24,9.1,0.0239,"IN,BR",2023-08-22,2024-12-23,100000,0.0156,750.0
C0123,Movie_123,Indie Label,10.7,0.0795,"IN,BR",2023-10-22,2025-02-15,250000,0.0501,750.0
C0124,Movie_124,Disney,14.1,0.0683,"IN,JP,DE",2023-01-26,2024-12-14,100000,0.0542,200.0
C0125,Movie_125,Sony Music,14.3,0.0574,"US,CA,UK",2023-04-08,2024-06-17,250000,0.0427,750.0
C0126,Movie_126,Sony Music,8.9,0.0123,"US,CA",2023-06-08,2025-02-28,100000,0.008,500.0
C0127,Movie_127,Netflix Originals,13.3,0.0241,"US,CA,UK",2023-08-01,2024-07-25,100000,0.0184,200.0
C0128,Movie_128,Universal,12.7,0.0623,"IN,BR",2023-09-04,2024-12-29,50000,0.04,200.0
C0129,Movie_129,Netflix Originals,8.9,0.0777,"IN,JP,DE",2023-04-26,2024-12-02,100000,0.0596,200.0
C0130,Movie_130,Paramount,13.8,0.0418,"IN,BR",2023-10-02,2024-08-03,250000,0.0306,500.0
C0131,Movie_131,Lionsgate,11.3,0.043,"US,CA",2023-12-12,2025-02-03,250000,0.0308,200.0
C0132,Movie_132,Indie Label,9.2,0.0737,"US,CA,UK",2023-02-02,2024-11-18,50000,0.0465,200.0
C0133,Movie_133,Sony Music,11.9,0.0168,"IN,BR",2023-09-10,2024-07-04,100000,0.0133,750.0
C0134,Movie_134,Indie Label,14.5,0.0511,"US,CA,UK",2023-12-23,2025-08-23,100000,0.0381,750.0
C0135,Movie_135,A24,17.5,0.0583,"JP,DE",2023-05-24,2023-12-23,100000,0.0355,200.0
C0136,Movie_136,Universal,17.5,0.0142,"US,CA,UK",2023-07-08,2025-01-05,100000,0.0089,200.0
C0137,Movie_137,Sony Music,15.9,0.0135,"US,CA,UK",2023-04-19,2023-11-06,50000,0.0086,200.0
C0138,Movie_138,Disney,11.3,0.051,"IN,JP,DE",2023-10-11,2024-11-06,50000,0.0392,750.0
C0139,Movie_139,Sony Music,9.1,0.0791,"US,CA",2023-05-22,2024-04-14,50000,0.055,200.0
C0140,Movie_140,Paramount,8.5,0.0512,"US,CA",2023-07-03,2024-08-29,250000,0.0284,500.0
C0141,Movie_141,Lionsgate,13.9,0.0433,"UK,FR,AU",2023-02-28,2023-10-31,100000,0.0329,750.0
C0142,Movie_142,Lionsgate,11.0,0.0609,US,2023-11-11,2024-06-22,250000,0.0484,200.0
C0143,Movie_143,A24,8.7,0.0398,"US,CA",2023-09-03,2025-04-16,50000,0.0231,500.0
C0144,Movie_144,MGM,13.5,0.0188,"UK,FR,AU",2023-03-17,2023-11-19,100000,0.0135,500.0
C0145,Movie_145,Universal,15.9,0.0418,"UK,FR,AU",2023-09-29,2025-01-22,50000,0.0298,750.0
C0146,Movie_146,Indie Label,11.4,0.0401,"US,CA,UK",2023-10-10,2024-11-13,100000,0.0317,500.0
C0147,Movie_147,Netflix Originals,17.5,0.0399,"JP,DE",2023-02-18,2024-07-02,250000,0.0291,500.0
C0148,Movie_148,Netflix Originals,16.1,0.0165,"US,CA",2023-02-16,2023-11-10,250000,0.0095,200.0
C0149,Movie_149,Indie Label,16.7,0.0569,"UK,FR,AU",2023-10-15,2025-03-15,250000,0.0376,200.0
C0150,Movie_150,Disney,9.5,0.0346,"IN,BR",2023-11-04,2025-03-17,100000,0.0244,200.0
C0151,Movie_151,Paramount,13.7,0.0692,"IN,JP,DE",2023-02-25,2024-08-16,100000,0.0449,750.0
C0152,Movie_152,Paramount,8.3,0.0526,"IN,JP,DE",2023-11-15,2024-06-08,100000,0.0383,750.0
C0153,Movie_153,Sony Music,13.7,0.0346,"IN,JP,DE",2023-06-08,2024-11-16,100000,0.0207,200.0
C0154,Movie_154,Indie Label,12.2,0.0164,US,2023-11-21,2024-06-19,100000,0.0114,200.0
C0155,Movie_155,Universal,16.8,0.0644,"IN,BR",2023-06-09,2024-11-02,50000,0.0453,200.0
C0156,Movie_156,Indie Label,12.9,0.0572,"IN,JP,DE",2023-11-13,2024-06-30,100000,0.0357,500.0
C0157,Movie_157,Paramount,14.8,0.018,"IN,BR",2023-04-21,2025-03-25,250000,0.012,500.0
C0158,Movie_158,MGM,8.5,0.0132,"UK,FR,AU",2023-12-08,2025-04-16,50000,0.0087,500.0
C0159,Movie_159,A24,15.5,0.0303,US,2023-03-12,2024-05-26,50000,0.0176,200.0
C0160,Movie_160,Netflix Originals,8.7,0.045,"JP,DE",2023-09-30,2024-11-18,250000,0.0349,200.0
C0161,Movie_161,MGM,12.3,0.0745,"JP,DE",2023-01-10,2024-10-21,100000,0.0583,750.0
C0162,Movie_162,Netflix Originals,9.7,0.0181,"US,CA,UK",2023-08-02,2024-11-20,250000,0.0101,500.0
C0163,Movie_163,Disney,12.4,0.0162,"IN,JP,DE",2023-12-20,2025-06-22,100000,0.0126,750.0
C0164,Movie_164,Sony Music,8.8,0.0622,"US,CA",2023-07-22,2024-11-30,250000,0.0379,200.0
C0165,Movie_165,Sony Music,10.4,0.0734,"UK,FR,AU",2023-09-19,2024-10-01,50000,0.0473,500.0
C0166,Movie_166,Sony Music,17.5,0.0632,US,2023-03-30,2024-02-29,250000,0.0459,500.0
C0167,Movie_167,MGM,11.2,0.0577,"JP,DE",2023-10-16,2025-07-16,250000,0.0455,500.0
C0168,Movie_168,Paramount,13.9,0.0428,US,2023-08-14,2024-04-19,100000,0.0308,750.0
C0169,Movie_169,Paramount,8.8,0.0416,"US,CA",2023-06-08,2025-03-21,50000,0.0235,750.0
C0170,Movie_170,Warner Bros,12.5,0.0424,"UK,FR,AU",2023-09-17,2025-04-12,250000,0.0297,750.0
C0171,Movie_171,A24,9.0,0.0451,US,2023-06-14,2025-04-11,100000,0.0365,750.0
C0172,Movie_172,A24,13.2,0.0127,"US,CA",2023-09-16,2024-09-06,250000,0.0094,200.0
C0173,Movie_173,MGM,8.5,0.0371,"IN,BR",2023-07-10,2024-10-21,250000,0.0282,750.0
C0174,Movie_174,Paramount,10.5,0.0166,"IN,BR",2023-02-03,2024-07-04,250000,0.0122,750.0
C0175,Movie_175,Netflix Originals,11.1,0.0157,"IN,JP,DE",2023-03-18,2024-08-20,250000,0.0114,750.0
C0176,Movie_176,Paramount,13.6,0.0517,"US,CA,UK",2023-07-20,2024-05-27,250000,0.0415,500.0
C0177,Movie_177,Lionsgate,11.6,0.0165,"IN,JP,DE",2023-03-07,2025-02-23,100000,0.0121,500.0
C0178,Movie_178,Disney,18.0,0.0763,US,2023-04-20,2024-09-30,50000,0.052,200.0
C0179,Movie_179,Lionsgate,8.4,0.064,"IN,BR",2023-02-21,2025-01-20,100000,0.0496,750.0
C0180,Movie_180,MGM,16.1,0.0208,US,2023-11-02,2025-05-20,50000,0.0125,750.0
C0181,Movie_181,A24,14.1,0.0355,"JP,DE",2023-01-23,2024-09-14,250000,0.0264,500.0
C0182,Movie_182,A24,17.0,0.0317,US,2023-10-01,2024-11-28,50000,0.0244,500.0
C0183,Movie_183,Indie Label,13.0,0.0423,"US,CA,UK",2023-10-20,2025-07-12,100000,0.0265,200.0
C0184,Movie_184,A24,16.7,0.0711,"IN,JP,DE",2023-04-13,2024-02-28,250000,0.0401,200.0
C0185,Movie_185,Paramount,12.5,0.03,"US,CA,UK",2023-09-22,2024-07-25,250000,0.0227,200.0
C0186,Movie_186,A24,16.8,0.0762,"IN,JP,DE",2023-08-12,2024-05-11,50000,0.0465,500.0
C0187,Movie_187,Universal,11.7,0.0362,"US,CA",2023-07-22,2025-06-15,50000,0.0237,500.0
C0188,Movie_188,Paramount,17.2,0.0654,"US,CA",2024-01-01,2025-06-07,100000,0.0384,750.0
C0189,Movie_189,Universal,8.2,0.0414,"IN,JP,DE",2023-03-13,2025-01-01,50000,0.0228,200.0
C0190,Movie_190,Disney,11.0,0.0396,"UK,FR,AU",2023-11-08,2025-10-28,50000,0.0301,200.0
C0191,Movie_191,A24,14.0,0.0144,"JP,DE",2023-11-24,2025-09-02,50000,0.0112,750.0
C0192,Movie_192,Warner Bros,14.1,0.0603,"UK,FR,AU",2023-10-22,2024-12-22,50000,0.0379,750.0
C0193,Movie_193,Lionsgate,13.4,0.0466,"JP,DE",2023-04-06,2023-12-29,250000,0.0302,750.0
C0194,Movie_194,Netflix Originals,10.5,0.013,"US,CA",2023-07-19,2025-05-10,50000,0.0085,500.0
C0195,Movie_195,Universal,15.7,0.0269,"IN,JP,DE",2023-02-04,2024-07-21,250000,0.0196,500.0
C0196,Movie_196,Sony Music,16.3,0.0482,US,2023-01-23,2024-07-16,250000,0.0371,500.0
C0197,Movie_197,A24,8.4,0.0668,"US,CA,UK",2023-09-03,2024-09-03,50000,0.0379,200.0
C0198,Movie_198,Indie Label,17.9,0.0321,"IN,JP,DE",2023-04-13,2023-11-21,250000,0.0203,500.0
C0199,Movie_199,Warner Bros,16.7,0.03,"IN,BR",2023-01-19,2024-01-29,100000,0.0235,500.0
C0200,Movie_200,Indie Label,11.4,0.0723,"US,CA",2023-07-08,2025-03-26,50000,0.0543,500.0
C0201,Movie_201,Universal,15.3,0.0747,"US,CA,UK",2023-09-12,2025-03-21,50000,0.0516,500.0
C0202,Movie_202,Paramount,11.1,0.0325,"UK,FR,AU",2023-04-03,2024-07-26,250000,0.0186,750.0
C0203,Movie_203,Netflix Originals,14.1,0.0346,"JP,DE",2023-03-27,2024-12-20,100000,0.0194,500.0
C0204,Movie_204,Lionsgate,16.0,0.057,"US,CA,UK",2023-01-30,2023-10-13,250000,0.0376,200.0
C0205,Movie_205,Netflix Originals,11.6,0.0124,"US,CA",2023-03-15,2024-12-02,250000,0.007,200.0
C0206,Movie_206,Universal,13.7,0.0764,"UK,FR,AU",2023-03-20,2024-12-19,250000,0.0497,500.0
C0207,Movie_207,Sony Music,13.0,0.0275,"JP,DE",2023-06-10,2024-09-17,100000,0.016,750.0
C0208,Movie_208,MGM,10.9,0.0593,"US,CA",2023-05-15,2024-08-03,100000,0.0361,200.0
C0209,Movie_209,A24,18.0,0.0416,"US,CA",2023-03-11,2023-11-21,250000,0.033,500.0
C0210,Movie_210,Paramount,16.5,0.0485,"US,CA,UK",2023-06-27,2024-02-28,250000,0.0305,750.0
C0211,Movie_211,Universal,17.9,0.0656,"US,CA,UK",2023-11-23,2024-11-15,50000,0.0451,200.0
C0212,Movie_212,A24,16.0,0.0353,"IN,JP,DE",2023-09-10,2024-04-03,250000,0.0249,200.0
C0213,Movie_213,A24,13.3,0.0317,"UK,FR,AU",2023-02-14,2023-10-19,100000,0.026,750.0
C0214,Movie_214,Lionsgate,11.4,0.055,"US,CA",2023-03-06,2024-07-22,250000,0.0369,750.0
C0215,Movie_215,Warner Bros,16.3,0.0403,"UK,FR,AU",2023-04-04,2024-02-10,250000,0.0321,200.0
C0216,Movie_216,Netflix Originals,17.5,0.0326,"IN,BR",2023-03-26,2024-03-05,250000,0.0242,500.0
C0217,Movie_217,Paramount,9.3,0.0237,"IN,JP,DE",2023-02-10,2024-04-21,100000,0.0192,750.0
C0218,Movie_218,MGM,9.5,0.0549,"UK,FR,AU",2023-02-17,2025-01-11,250000,0.039,750.0
C0219,Movie_219,Warner Bros,8.8,0.069,"US,CA,UK",2023-11-06,2025-04-14,250000,0.0485,750.0
C0220,Movie_220,Warner Bros,13.0,0.0637,"IN,BR",2023-11-30,2024-12-29,250000,0.0422,750.0
C0221,Movie_221,Indie Label,11.0,0.0438,"IN,BR",2023-11-25,2025-03-28,50000,0.0336,750.0
C0222,Movie_222,Netflix Originals,14.1,0.0391,"US,CA",2023-03-22,2024-12-11,100000,0.0264,750.0
C0223,Movie_223,Lionsgate,9.1,0.0192,"IN,BR",2023-06-26,2025-02-03,50000,0.0125,500.0
C0224,Movie_224,Paramount,17.5,0.0274,"US,CA",2023-05-17,2025-02-15,250000,0.0158,500.0
C0225,Movie_225,Disney,15.6,0.0754,US,2023-03-23,2024-08-19,100000,0.0562,750.0
C0226,Movie_226,Indie Label,13.1,0.0448,"JP,DE",2023-09-13,2025-01-20,50000,0.0257,200.0
C0227,Movie_227,A24,10.9,0.0135,"UK,FR,AU",2023-06-30,2024-02-14,50000,0.0092,200.0
C0228,Movie_228,Netflix Originals,8.5,0.0609,"JP,DE",2023-03-10,2024-06-02,50000,0.0461,750.0
C0229,Movie_229,Lionsgate,12.5,0.0487,"UK,FR,AU",2023-04-10,2024-10-12,250000,0.0278,500.0
C0230,Movie_230,Netflix Originals,15.9,0.019,"IN,JP,DE",2023-11-16,2024-09-12,100000,0.0109,750.0
C0231,Movie_231,Warner Bros,8.5,0.0522,"IN,BR",2023-03-15,2024-04-01,50000,0.0344,750.0
C0232,Movie_232,Lionsgate,9.4,0.042,"IN,BR",2023-08-31,2025-08-11,250000,0.03,500.0
C0233,Movie_233,Lionsgate,13.3,0.0516,US,2023-07-21,2024-11-18,250000,0.0354,750.0
C0234,Movie_234,Indie Label,13.8,0.0358,"IN,BR",2023-09-01,2024-03-16,250000,0.0262,750.0
C0235,Movie_235,MGM,13.8,0.0286,"US,CA,UK",2023-01-14,2024-11-09,250000,0.0208,200.0
C0236,Movie_236,Indie Label,9.5,0.0467,"UK,FR,AU",2023-09-03,2024-08-22,250000,0.0348,200.0
C0237,Movie_237,Indie Label,9.5,0.0234,"US,CA",2023-10-21,2024-08-08,250000,0.0157,200.0
C0238,Movie_238,Warner Bros,15.1,0.0711,"JP,DE",2023-09-14,2025-07-07,250000,0.0532,200.0
C0239,Movie_239,Sony Music,12.6,0.0468,"UK,FR,AU",2023-06-16,2025-04-15,250000,0.0297,500.0
C0240,Movie_240,Disney,10.8,0.0527,"UK,FR,AU",2023-07-01,2024-09-23,100000,0.0317,200.0
C0241,Movie_241,A24,11.5,0.0583,"IN,BR",2023-05-28,2024-06-23,250000,0.0398,500.0
C0242,Movie_242,Netflix Originals,17.5,0.0727,"IN,BR",2023-03-04,2024-09-22,50000,0.0477,500.0
C0243,Movie_243,Paramount,15.5,0.0342,"US,CA",2023-05-28,2024-02-12,50000,0.0229,200.0
C0244,Movie_244,Sony Music,9.1,0.0753,"IN,JP,DE",2023-10-03,2025-01-02,250000,0.0556,750.0
C0245,Movie_245,Disney,8.5,0.0569,US,2023-05-05,2023-12-22,100000,0.0395,500.0
C0246,Movie_246,Lionsgate,17.8,0.0577,"US,CA,UK",2023-08-30,2024-06-07,50000,0.0339,500.0
C0247,Movie_247,Paramount,11.2,0.0555,"US,CA,UK",2023-09-01,2025-06-30,250000,0.0419,200.0
C0248,Movie_248,Warner Bros,17.1,0.0475,"IN,JP,DE",2023-02-15,2024-04-07,50000,0.0354,500.0
C0249,Movie_249,A24,9.9,0.0798,"IN,JP,DE",2023-04-01,2023-11-04,250000,0.0524,500.0
C0250,Movie_250,Netflix Originals,10.8,0.0498,"US,CA",2023-01-05,2024-05-04,250000,0.0288,750.0
C0251,Movie_251,Disney,16.1,0.0696,"UK,FR,AU",2023-09-10,2024-07-23,100000,0.0471,200.0
C0252,Movie_252,Netflix Originals,15.9,0.0603,"US,CA,UK",2023-08-23,2024-11-08,250000,0.0334,750.0
C0253,Movie_253,Indie Label,16.3,0.0528,"IN,JP,DE",2023-04-09,2024-04-02,250000,0.0381,500.0
C0254,Movie_254,Netflix Originals,17.4,0.0229,"US,CA",2023-07-25,2024-04-27,50000,0.0135,500.0
C0255,Movie_255,Paramount,13.8,0.0628,"JP,DE",2023-05-01,2025-01-27,250000,0.0507,200.0
C0256,Movie_256,Universal,12.7,0.0585,"IN,BR",2023-12-01,2025-06-01,50000,0.0332,500.0
C0257,Movie_257,Paramount,11.7,0.0583,"US,CA,UK",2023-09-15,2025-01-25,50000,0.0421,200.0
C0258,Movie_258,Netflix Originals,12.2,0.0418,US,2023-09-02,2024-08-03,250000,0.0342,500.0
C0259,Movie_259,MGM,16.7,0.0633,"IN,JP,DE",2023-10-03,2024-11-09,50000,0.0464,750.0
C0260,Movie_260,Warner Bros,16.3,0.0155,"JP,DE",2023-09-28,2025-03-31,250000,0.0109,200.0
C0261,Movie_261,A24,9.2,0.0215,"UK,FR,AU",2023-10-02,2024-08-30,50000,0.0168,750.0
C0262,Movie_262,Warner Bros,12.5,0.0729,"UK,FR,AU",2023-09-08,2024-06-07,250000,0.0489,500.0
C0263,Movie_263,Paramount,15.2,0.0491,"JP,DE",2023-10-16,2024-06-11,100000,0.0359,500.0
C0264,Movie_264,Netflix Originals,15.0,0.0505,"IN,JP,DE",2023-01-02,2024-02-09,250000,0.0284,200.0
C0265,Movie_265,Sony Music,15.7,0.0301,"US,CA",2023-08-30,2024-03-29,250000,0.018,750.0
C0266,Movie_266,Indie Label,11.8,0.0414,"JP,DE",2023-07-11,2025-02-01,250000,0.033,750.0
C0267,Movie_267,Sony Music,17.9,0.0557,"IN,JP,DE",2023-10-04,2024-08-15,100000,0.0359,750.0
C0268,Movie_268,A24,14.7,0.0629,US,2023-04-25,2023-10-25,250000,0.0512,500.0
C0269,Movie_269,Paramount,9.9,0.0273,"UK,FR,AU",2023-07-14,2024-09-01,250000,0.0176,200.0
C0270,Movie_270,Warner Bros,10.4,0.053,"US,CA",2023-12-05,2025-08-05,50000,0.0425,200.0
C0271,Movie_271,Warner Bros,10.4,0.0518,"UK,FR,AU",2023-01-18,2024-10-16,50000,0.0383,500.0
C0272,Movie_272,Sony Music,13.0,0.0628,"JP,DE",2023-04-30,2024-06-05,100000,0.0477,200.0
C0273,Movie_273,Netflix Originals,10.4,0.0504,"IN,JP,DE",2023-10-22,2025-03-11,50000,0.0382,750.0
C0274,Movie_274,MGM,16.8,0.031,"UK,FR,AU",2023-04-24,2024-12-17,50000,0.0176,750.0
C0275,Movie_275,Indie Label,15.9,0.0133,"US,CA,UK",2023-08-07,2025-06-24,100000,0.0086,750.0
C0276,Movie_276,Lionsgate,12.7,0.031,"JP,DE",2023-07-29,2024-06-25,50000,0.0186,500.0
C0277,Movie_277,Lionsgate,12.1,0.0664,"IN,JP,DE",2023-12-29,2024-11-20,100000,0.0529,750.0
C0278,Movie_278,Universal,17.2,0.027,"UK,FR,AU",2023-03-10,2024-10-07,100000,0.0163,200.0
C0279,Movie_279,MGM,8.4,0.0288,"UK,FR,AU",2023-04-08,2023-11-26,50000,0.0211,200.0
C0280,Movie_280,Netflix Originals,11.0,0.0436,"IN,JP,DE",2023-10-28,2024-12-03,50000,0.0342,200.0
C0281,Movie_281,Disney,12.0,0.074,US,2023-03-02,2024-12-31,50000,0.0546,750.0
C0282,Movie_282,Paramount,10.6,0.0426,"IN,BR",2023-05-25,2024-12-14,250000,0.0309,500.0
C0283,Movie_283,Disney,11.7,0.0633,"JP,DE",2023-02-20,2024-12-11,100000,0.0403,200.0
C0284,Movie_284,MGM,13.8,0.0111,"UK,FR,AU",2023-04-24,2024-03-18,100000,0.0078,500.0
C0285,Movie_285,Disney,13.0,0.0261,US,2023-04-11,2024-09-09,250000,0.0184,750.0
C0286,Movie_286,A24,12.6,0.0777,"IN,BR",2023-05-12,2025-03-22,250000,0.0562,500.0
C0287,Movie_287,Warner Bros,13.2,0.0229,US,2023-03-13,2025-01-21,50000,0.0181,750.0
C0288,Movie_288,Universal,15.1,0.0196,"US,CA",2023-01-04,2024-08-28,50000,0.0141,200.0
C0289,Movie_289,MGM,17.1,0.0142,"UK,FR,AU",2023-08-22,2025-03-06,250000,0.0103,500.0
C0290,Movie_290,Lionsgate,15.2,0.0486,"US,CA",2023-01-04,2024-12-28,250000,0.0269,500.0
C0291,Movie_291,Universal,17.2,0.0664,"US,CA",2023-09-15,2025-05-27,250000,0.0528,200.0
C0292,Movie_292,Indie Label,8.8,0.0277,US,2023-04-09,2025-03-28,100000,0.0179,500.0
C0293,Movie_293,Universal,14.5,0.031,"UK,FR,AU",2023-05-05,2024-06-19,250000,0.024,200.0
C0294,Movie_294,Warner Bros,15.0,0.0364,"US,CA",2023-07-27,2025-02-14,50000,0.0247,500.0
C0295,Movie_295,Universal,16.9,0.0496,"IN,JP,DE",2023-08-11,2025-01-11,50000,0.0388,200.0
C0296,Movie_296,Paramount,17.0,0.029,US,2023-12-21,2025-10-17,250000,0.0232,750.0
C0297,Movie_297,Sony Music,15.5,0.0111,"US,CA",2023-04-02,2024-08-16,250000,0.0067,500.0
C0298,Movie_298,Indie Label,14.8,0.0495,"US,CA",2023-06-03,2024-05-14,250000,0.0348,500.0
C0299,Movie_299,Warner Bros,9.0,0.0451,"JP,DE",2023-03-13,2023-11-28,50000,0.0367,200.0
C0300,Movie_300,Paramount,15.8,0.0778,"IN,BR",2023-11-06,2025-06-14,100000,0.0496,500.0
C0301,Song_001,Indie Label,8.9,0.0402,US,2023-07-02,2025-01-16,250000,0.0295,500.0
C0302,Song_002,Sony Music,15.4,0.0157,"IN,JP,DE",2023-05-07,2024-01-17,100000,0.0093,500.0
C0303,Song_003,Paramount,9.0,0.076,"US,CA",2023-02-16,2023-08-20,50000,0.0509,200.0
C0304,Song_004,Netflix Originals,13.5,0.0386,"JP,DE",2023-08-18,2025-07-22,250000,0.0215,750.0
C0305,Song_005,Universal,15.2,0.0109,"IN,JP,DE",2023-06-16,2025-01-10,250000,0.0072,200.0
C0306,Song_006,Paramount,11.0,0.058,"UK,FR,AU",2023-09-24,2024-09-11,100000,0.0346,200.0
C0307,Song_007,Universal,11.6,0.0293,"US,CA",2023-03-27,2024-12-11,50000,0.0185,750.0
C0308,Song_008,Warner Bros,17.5,0.0421,"US,CA,UK",2023-09-11,2024-09-25,100000,0.0247,750.0
C0309,Song_009,MGM,9.4,0.0334,"JP,DE",2023-06-18,2025-03-09,100000,0.0257,750.0
C0310,Song_010,Netflix Originals,10.9,0.032,"US,CA,UK",2023-04-13,2025-02-11,250000,0.0259,750.0
C0311,Song_011,Indie Label,11.7,0.0328,"JP,DE",2023-10-22,2024-12-23,250000,0.0205,200.0
C0312,Song_012,A24,17.4,0.0577,"UK,FR,AU",2023-10-07,2024-10-05,50000,0.0403,500.0
C0313,Song_013,Indie Label,14.7,0.0673,"IN,JP,DE",2023-05-30,2024-02-04,50000,0.0515,750.0
C0314,Song_014,Indie Label,8.7,0.0561,"IN,BR",2023-05-04,2024-07-15,250000,0.0417,500.0
C0315,Song_015,Indie Label,13.4,0.0455,"UK,FR,AU",2023-07-25,2025-07-21,100000,0.0363,750.0
C0316,Song_016,Netflix Originals,9.7,0.0177,"IN,JP,DE",2023-10-02,2024-06-25,250000,0.0109,200.0
C0317,Song_017,Indie Label,9.1,0.0777,"UK,FR,AU",2023-11-27,2025-07-08,50000,0.0497,500.0
C0318,Song_018,Disney,12.5,0.0491,US,2023-09-19,2025-08-30,100000,0.0361,500.0
C0319,Song_019,A24,9.0,0.0206,"IN,JP,DE",2023-12-14,2025-11-05,100000,0.0169,200.0
C0320,Song_020,Disney,13.2,0.0318,"US,CA",2023-03-14,2024-08-31,100000,0.0214,500.0
C0321,Song_021,Universal,8.2,0.0323,"US,CA",2023-08-13,2025-05-17,100000,0.0204,750.0
C0322,Song_022,Lionsgate,9.7,0.0751,"US,CA",2023-12-13,2024-11-25,50000,0.0563,500.0
C0323,Song_023,Sony Music,9.9,0.0262,"UK,FR,AU",2023-08-07,2025-05-21,250000,0.0173,500.0
C0324,Song_024,Warner Bros,15.0,0.0415,"JP,DE",2023-01-15,2024-02-01,50000,0.0276,500.0
C0325,Song_025,Lionsgate,9.9,0.0504,"IN,JP,DE",2023-12-27,2024-08-27,100000,0.0386,200.0
C0326,Song_026,Netflix Originals,14.0,0.0569,"JP,DE",2023-02-28,2024-05-21,250000,0.0388,500.0
C0327,Song_027,Sony Music,16.1,0.0346,"UK,FR,AU",2023-02-28,2024-08-17,250000,0.0233,500.0
C0328,Song_028,Disney,11.1,0.057,"UK,FR,AU",2023-10-30,2024-07-22,50000,0.0362,500.0
C0329,Song_029,MGM,11.8,0.0372,"US,CA,UK",2023-03-14,2025-02-14,50000,0.0265,500.0
C0330,Song_030,Sony Music,9.9,0.0488,"US,CA,UK",2023-10-03,2024-09-24,100000,0.0333,750.0
C0331,Song_031,Indie Label,17.6,0.0439,"US,CA",2023-07-03,2024-01-08,250000,0.0265,750.0
C0332,Song_032,A24,9.7,0.0391,"JP,DE",2023-07-29,2025-06-11,250000,0.0304,200.0
C0333,Song_033,Paramount,9.7,0.0123,"IN,JP,DE",2023-04-23,2024-08-14,100000,0.0075,750.0
C0334,Song_034,Lionsgate,16.2,0.0179,"US,CA,UK",2023-09-11,2025-08-14,100000,0.0104,750.0
C0335,Song_035,Universal,15.4,0.0482,"IN,JP,DE",2023-01-22,2024-10-14,250000,0.0394,200.0
C0336,Song_036,Universal,12.4,0.0284,"IN,BR",2023-01-17,2024-10-18,50000,0.0222,200.0
C0337,Song_037,Indie Label,9.7,0.0703,US,2023-10-29,2025-04-20,50000,0.0502,200.0
C0338,Song_038,MGM,13.4,0.0499,"IN,JP,DE",2023-04-16,2023-12-12,100000,0.0346,750.0
C0339,Song_039,Universal,9.4,0.0767,"IN,BR",2023-05-29,2024-08-24,100000,0.0528,200.0
C0340,Song_040,Sony Music,15.1,0.0591,"IN,BR",2023-12-02,2024-10-06,50000,0.0346,750.0
C0341,Song_041,Indie Label,11.8,0.0504,"JP,DE",2023-09-08,2024-07-29,50000,0.0314,750.0
C0342,Song_042,Netflix Originals,12.5,0.0461,"IN,JP,DE",2023-02-17,2024-10-01,100000,0.0288,500.0
C0343,Song_043,Netflix Originals,16.5,0.0612,"UK,FR,AU",2023-01-02,2023-10-04,250000,0.0412,500.0
C0344,Song_044,Paramount,11.4,0.0446,US,2023-08-08,2024-09-07,250000,0.0284,200.0
C0345,Song_045,Warner Bros,9.0,0.0726,"UK,FR,AU",2023-09-06,2025-02-18,100000,0.0549,200.0
C0346,Song_046,Indie Label,10.0,0.042,"US,CA",2023-03-22,2024-12-12,250000,0.0343,200.0
C0347,Song_047,Universal,14.5,0.0712,"US,CA,UK",2023-06-04,2024-05-11,100000,0.056,200.0
C0348,Song_048,Disney,12.3,0.0136,"IN,BR",2023-12-07,2024-11-20,50000,0.0098,750.0
C0349,Song_049,Disney,13.2,0.0434,"US,CA",2023-01-01,2024-02-03,100000,0.0254,200.0
C0350,Song_050,Indie Label,14.9,0.0672,"US,CA",2023-12-23,2025-06-06,100000,0.0549,200.0
C0351,Song_051,Netflix Originals,11.7,0.0612,US,2023-07-16,2024-04-12,100000,0.0354,200.0
C0352,Song_052,MGM,14.5,0.0148,"JP,DE",2023-03-10,2024-01-30,100000,0.0104,500.0
C0353,Song_053,A24,16.6,0.0744,"US,CA,UK",2023-04-20,2024-03-20,50000,0.0533,200.0
C0354,Song_054,Sony Music,10.5,0.0346,US,2023-03-05,2024-09-28,250000,0.023,200.0
C0355,Song_055,Paramount,10.1,0.0645,US,2023-10-11,2025-01-24,250000,0.0475,750.0
C0356,Song_056,Disney,12.9,0.0552,US,2023-07-20,2024-11-13,50000,0.042,200.0
C0357,Song_057,Netflix Originals,17.3,0.047,"JP,DE",2023-11-23,2024-08-01,50000,0.0383,500.0
C0358,Song_058,A24,17.5,0.0356,"IN,JP,DE",2023-10-19,2025-06-20,50000,0.0261,200.0
C0359,Song_059,Warner Bros,17.5,0.0284,"UK,FR,AU",2023-02-04,2023-08-17,100000,0.0159,750.0
C0360,Song_060,Indie Label,8.8,0.0637,"IN,BR",2023-11-18,2025-10-11,250000,0.0423,750.0
C0361,Song_061,Disney,17.7,0.0159,"UK,FR,AU",2023-03-20,2024-06-26,50000,0.0091,750.0
C0362,Song_062,Disney,8.6,0.0317,"IN,BR",2023-07-20,2024-03-23,50000,0.0212,500.0
C0363,Song_063,Sony Music,9.2,0.0317,"US,CA",2023-08-21,2024-04-13,250000,0.0238,200.0
C0364,Song_064,Lionsgate,15.8,0.0447,"US,CA,UK",2023-01-06,2023-12-19,250000,0.0288,500.0
C0365,Song_065,Universal,15.7,0.0625,US,2023-07-10,2024-05-14,50000,0.0491,500.0
C0366,Song_066,MGM,14.3,0.0467,"IN,JP,DE",2023-08-08,2024-11-08,100000,0.029,500.0
C0367,Song_067,Netflix Originals,9.6,0.045,"UK,FR,AU",2023-07-04,2024-02-25,50000,0.0316,750.0
C0368,Song_068,Warner Bros,10.4,0.0619,"US,CA,UK",2023-03-01,2024-04-17,100000,0.0341,500.0
C0369,Song_069,Lionsgate,16.0,0.0752,"JP,DE",2023-03-18,2024-03-15,250000,0.0588,750.0
C0370,Song_070,Netflix Originals,10.7,0.0325,"US,CA,UK",2023-08-03,2024-09-15,50000,0.0215,750.0
C0371,Song_071,Disney,16.0,0.0571,"IN,BR",2023-03-03,2025-01-25,50000,0.0322,500.0
C0372,Song_072,Universal,13.5,0.0641,"US,CA",2023-08-27,2024-12-08,50000,0.0406,500.0
C0373,Song_073,Netflix Originals,13.9,0.0618,US,2023-05-30,2024-10-02,100000,0.038,200.0
C0374,Song_074,Warner Bros,10.3,0.0205,"US,CA,UK",2023-10-07,2024-12-11,100000,0.0164,750.0
C0375,Song_075,Indie Label,16.5,0.0766,"IN,JP,DE",2023-12-22,2024-06-28,250000,0.0422,500.0
C0376,Song_076,Warner Bros,17.7,0.0788,"US,CA",2023-04-16,2025-04-07,50000,0.0523,750.0
C0377,Song_077,Lionsgate,12.1,0.0745,"IN,BR",2023-02-17,2023-09-29,100000,0.059,500.0
C0378,Song_078,Indie Label,8.7,0.0454,"US,CA,UK",2023-02-13,2023-11-17,250000,0.0328,200.0
C0379,Song_079,Netflix Originals,17.3,0.0266,"JP,DE",2023-12-06,2024-10-14,100000,0.0165,750.0
C0380,Song_080,Disney,9.4,0.0417,"IN,JP,DE",2023-06-17,2024-11-03,250000,0.0256,200.0
C0381,Song_081,Universal,13.4,0.0415,US,2023-02-24,2024-02-07,50000,0.0263,500.0
C0382,Song_082,Paramount,16.3,0.0697,"IN,BR",2023-08-26,2024-11-19,250000,0.04,750.0
C0383,Song_083,Netflix Originals,12.0,0.0204,"US,CA",2023-04-21,2024-09-17,50000,0.0151,750.0
C0384,Song_084,A24,13.6,0.0122,"IN,BR",2023-05-14,2024-05-06,250000,0.008,200.0
C0385,Song_085,Warner Bros,8.6,0.0663,"US,CA",2023-08-25,2024-06-04,50000,0.039,200.0
C0386,Song_086,Universal,13.8,0.058,US,2023-07-25,2025-02-05,100000,0.0466,200.0
C0387,Song_087,Sony Music,8.9,0.0732,"US,CA",2023-02-03,2024-02-20,100000,0.049,200.0
C0388,Song_088,Indie Label,13.0,0.0218,"US,CA",2023-08-25,2024-04-12,100000,0.0154,750.0
C0389,Song_089,Paramount,12.5,0.025,"JP,DE",2023-03-30,2024-09-22,50000,0.015,200.0
C0390,Song_090,Lionsgate,12.8,0.0553,"UK,FR,AU",2023-11-14,2025-01-18,50000,0.0379,500.0
C0391,Song_091,Lionsgate,10.5,0.024,"JP,DE",2023-03-12,2024-11-10,250000,0.0189,200.0
C0392,Song_092,Netflix Originals,17.1,0.0436,"JP,DE",2024-01-01,2025-07-01,250000,0.0332,500.0
C0393,Song_093,Warner Bros,17.0,0.0118,"JP,DE",2023-05-19,2024-05-17,100000,0.0084,200.0
C0394,Song_094,Disney,17.7,0.035,"IN,JP,DE",2023-08-30,2025-08-21,50000,0.0248,200.0
C0395,Song_095,Warner Bros,15.6,0.0474,"US,CA,UK",2023-05-04,2024-07-29,50000,0.0362,750.0
C0396,Song_096,Sony Music,9.8,0.0755,"IN,JP,DE",2023-07-18,2025-01-11,250000,0.0617,500.0
C0397,Song_097,Netflix Originals,17.5,0.074,"IN,JP,DE",2023-12-24,2025-06-23,250000,0.0413,200.0
C0398,Song_098,Warner Bros,8.9,0.0479,"UK,FR,AU",2023-04-07,2025-02-19,50000,0.0286,750.0
C0399,Song_099,MGM,10.0,0.0435,US,2023-01-11,2024-12-30,50000,0.0278,500.0
C0400,Song_100,Sony Music,15.7,0.0142,"US,CA,UK",2023-04-01,2024-08-24,250000,0.0084,500.0
C0401,Song_101,Netflix Originals,9.4,0.051,"US,CA",2023-07-11,2025-02-15,50000,0.0327,750.0
C0402,Song_102,Lionsgate,14.9,0.0554,"JP,DE",2023-11-24,2025-10-02,250000,0.0331,500.0
C0403,Song_103,Paramount,9.3,0.0365,US,2023-12-07,2024-11-30,250000,0.0273,200.0
C0404,Song_104,MGM,8.3,0.0696,"US,CA,UK",2023-10-21,2025-05-23,250000,0.0528,500.0
C0405,Song_105,A24,9.4,0.0548,"IN,JP,DE",2023-11-10,2024-12-20,250000,0.0317,200.0
C0406,Song_106,Universal,16.2,0.0218,US,2023-06-27,2024-11-15,250000,0.0172,750.0
C0407,Song_107,Universal,11.5,0.0108,"US,CA,UK",2023-06-21,2025-03-19,50000,0.0066,750.0
C0408,Song_108,Sony Music,16.8,0.0407,"US,CA",2023-01-25,2024-08-22,100000,0.027,500.0
C0409,Song_109,MGM,14.5,0.0171,"IN,BR",2023-10-07,2025-04-23,250000,0.0116,200.0
C0410,Song_110,Warner Bros,11.2,0.0659,US,2023-08-20,2024-05-01,50000,0.0368,200.0
C0411,Song_111,Universal,11.4,0.0213,"IN,BR",2023-03-29,2024-10-13,250000,0.0121,500.0
C0412,Song_112,Indie Label,9.6,0.076,"US,CA,UK",2023-01-16,2024-09-28,50000,0.0452,500.0
C0413,Song_113,Lionsgate,10.7,0.0588,US,2023-04-08,2024-11-27,100000,0.0438,500.0
C0414,Song_114,A24,9.5,0.0375,US,2023-02-19,2023-10-07,100000,0.0262,200.0
C0415,Song_115,A24,10.0,0.0677,"JP,DE",2023-02-14,2024-06-09,50000,0.0487,200.0
C0416,Song_116,Universal,11.1,0.0784,US,2023-11-23,2025-03-15,100000,0.0531,500.0
C0417,Song_117,Sony Music,11.7,0.0164,"JP,DE",2023-12-05,2025-02-28,100000,0.0114,500.0
C0418,Song_118,Disney,16.4,0.0284,US,2023-08-17,2024-03-29,250000,0.0192,200.0
C0419,Song_119,Lionsgate,12.1,0.016,US,2023-12-23,2024-09-27,250000,0.0103,200.0
C0420,Song_120,Lionsgate,14.9,0.0673,"UK,FR,AU",2023-02-01,2024-08-30,100000,0.0446,750.0
C0421,Song_121,Warner Bros,13.0,0.0155,US,2023-09-01,2024-12-30,250000,0.0123,750.0
C0422,Song_122,Sony Music,17.5,0.0184,"US,CA,UK",2023-11-14,2024-10-09,50000,0.0139,200.0
C0423,Song_123,Indie Label,10.0,0.013,"IN,JP,DE",2023-04-09,2024-02-12,250000,0.0074,200.0
C0424,Song_124,Universal,8.9,0.0324,"IN,JP,DE",2023-11-01,2025-01-18,250000,0.0242,500.0
C0425,Song_125,Warner Bros,15.9,0.0464,"UK,FR,AU",2023-06-16,2024-09-20,250000,0.037,750.0
C0426,Song_126,MGM,13.8,0.039,"UK,FR,AU",2023-08-03,2024-05-24,50000,0.023,200.0
C0427,Song_127,Indie Label,10.6,0.0707,"UK,FR,AU",2023-02-21,2024-06-07,250000,0.0557,500.0
C0428,Song_128,Sony Music,14.2,0.0126,"UK,FR,AU",2023-11-08,2025-09-02,250000,0.0079,750.0
C0429,Song_129,Disney,8.5,0.0723,"JP,DE",2023-01-20,2024-08-27,100000,0.0462,500.0
C0430,Song_130,Paramount,16.4,0.0672,"IN,BR",2023-01-11,2024-06-19,250000,0.0425,750.0
C0431,Song_131,Netflix Originals,10.7,0.031,"US,CA",2023-04-27,2024-03-09,100000,0.0233,750.0
C0432,Song_132,Indie Label,15.4,0.0409,"US,CA,UK",2023-02-15,2024-02-22,250000,0.0326,500.0
C0433,Song_133,Lionsgate,12.0,0.0654,"IN,JP,DE",2023-01-29,2025-01-05,250000,0.0371,750.0
C0434,Song_134,Warner Bros,10.5,0.0713,"US,CA",2023-03-30,2024-04-10,100000,0.0431,200.0
C0435,Song_135,Lionsgate,12.0,0.0292,"IN,BR",2023-12-27,2025-01-13,50000,0.0226,750.0
C0436,Song_136,A24,13.9,0.0442,"US,CA",2023-05-04,2024-11-15,100000,0.0296,500.0
C0437,Song_137,Sony Music,16.5,0.03,US,2023-05-13,2024-02-09,50000,0.0196,200.0
C0438,Song_138,Warner Bros,16.6,0.0288,"US,CA,UK",2023-04-26,2024-05-21,250000,0.019,200.0
C0439,Song_139,Paramount,14.1,0.0521,"JP,DE",2023-03-09,2024-02-29,100000,0.0288,750.0
C0440,Song_140,Netflix Originals,12.6,0.0397,"US,CA,UK",2023-11-26,2025-03-01,50000,0.0259,500.0
C0441,Song_141,Universal,8.1,0.0677,"IN,BR",2023-12-13,2025-11-25,250000,0.0445,500.0
C0442,Song_142,Universal,11.4,0.0309,"UK,FR,AU",2023-11-28,2025-03-11,100000,0.0179,750.0
C0443,Song_143,Paramount,9.9,0.0559,"IN,BR",2023-05-22,2024-08-11,250000,0.0451,200.0
C0444,Song_144,Warner Bros,14.6,0.0562,"US,CA",2023-11-04,2025-06-19,100000,0.0412,500.0
C0445,Song_145,MGM,16.2,0.0616,"JP,DE",2023-07-27,2025-02-23,100000,0.0436,750.0
C0446,Song_146,Netflix Originals,13.1,0.0547,"US,CA,UK",2023-04-24,2025-04-20,50000,0.0371,750.0
C0447,Song_147,Paramount,15.3,0.0168,"UK,FR,AU",2023-04-03,2024-07-26,250000,0.0098,200.0
C0448,Song_148,Paramount,12.2,0.0256,"US,CA,UK",2023-06-21,2024-03-18,100000,0.0156,500.0
C0449,Song_149,Warner Bros,16.7,0.0425,"IN,BR",2023-10-27,2025-02-19,250000,0.0247,750.0
C0450,Song_150,Indie Label,13.3,0.0723,"UK,FR,AU",2023-02-06,2024-11-30,100000,0.0495,200.0
C0451,Song_151,MGM,16.9,0.0795,"IN,JP,DE",2023-03-19,2024-02-02,100000,0.0511,200.0
C0452,Song_152,Sony Music,11.1,0.0441,"IN,BR",2023-04-03,2023-12-21,50000,0.0318,200.0
C0453,Song_153,Sony Music,12.9,0.0633,"JP,DE",2023-05-21,2024-06-18,50000,0.0377,200.0
C0454,Song_154,Indie Label,8.0,0.0382,"UK,FR,AU",2023-08-11,2025-04-21,250000,0.031,200.0
C0455,Song_155,Lionsgate,9.9,0.0724,"US,CA,UK",2023-07-11,2024-01-21,250000,0.0546,200.0
C0456,Song_156,Sony Music,9.0,0.0585,"US,CA,UK",2023-05-08,2024-06-22,250000,0.0376,750.0
C0457,Song_157,Paramount,12.6,0.0677,"IN,BR",2023-03-27,2023-11-28,250000,0.0427,750.0
C0458,Song_158,Netflix Originals,18.0,0.0722,"UK,FR,AU",2023-06-22,2025-03-07,100000,0.0591,500.0
C0459,Song_159,Indie Label,8.2,0.0764,"IN,JP,DE",2023-04-07,2024-03-20,50000,0.061,750.0
C0460,Song_160,Netflix Originals,15.1,0.0513,US,2023-04-19,2023-11-07,50000,0.0306,500.0
C0461,Song_161,Warner Bros,14.6,0.0536,"US,CA,UK",2023-05-11,2025-05-07,250000,0.0381,200.0
C0462,Song_162,Lionsgate,10.5,0.0392,"US,CA",2023-12-20,2024-10-13,250000,0.0256,200.0
C0463,Song_163,Lionsgate,10.7,0.0311,US,2023-12-22,2024-06-28,250000,0.0227,750.0
C0464,Song_164,Paramount,9.1,0.0458,US,2023-08-03,2024-05-16,50000,0.0328,500.0
C0465,Song_165,Disney,11.6,0.0645,US,2023-11-08,2024-11-26,100000,0.05,500.0
C0466,Song_166,A24,11.3,0.0737,US,2023-01-21,2024-12-09,50000,0.0542,200.0
C0467,Song_167,Sony Music,17.5,0.0685,"US,CA,UK",2023-02-15,2023-12-05,250000,0.05,200.0
C0468,Song_168,Paramount,10.6,0.0551,"US,CA,UK",2023-02-21,2024-05-08,50000,0.0371,200.0
C0469,Song_169,Netflix Originals,12.3,0.0697,"IN,JP,DE",2023-03-31,2023-11-06,50000,0.0451,200.0
C0470,Song_170,Sony Music,11.3,0.0696,"IN,JP,DE",2023-01-24,2023-08-01,100000,0.0507,750.0
C0471,Song_171,Indie Label,12.0,0.067,"IN,BR",2023-02-17,2024-08-31,100000,0.0402,500.0
C0472,Song_172,Sony Music,9.1,0.066,"IN,JP,DE",2023-07-17,2025-05-16,250000,0.0479,750.0
C0473,Song_173,MGM,14.8,0.0391,"US,CA",2023-03-23,2024-01-03,50000,0.0277,750.0
C0474,Song_174,Sony Music,12.8,0.0704,"JP,DE",2023-07-03,2024-01-28,100000,0.0554,200.0
C0475,Song_175,Warner Bros,15.0,0.0144,"JP,DE",2023-08-14,2024-03-28,250000,0.0105,750.0
C0476,Song_176,Netflix Originals,13.2,0.0785,"IN,JP,DE",2023-10-23,2024-12-05,250000,0.0574,750.0
C0477,Song_177,Netflix Originals,14.6,0.0563,"UK,FR,AU",2023-02-18,2024-11-02,250000,0.0347,500.0
C0478,Song_178,Lionsgate,16.5,0.0108,US,2023-10-13,2024-06-04,100000,0.0087,200.0
C0479,Song_179,Warner Bros,13.1,0.0269,"US,CA",2023-09-09,2025-01-29,250000,0.0218,750.0
C0480,Song_180,MGM,12.5,0.0155,"JP,DE",2023-07-26,2024-09-18,100000,0.0104,500.0
C0481,Song_181,Indie Label,12.1,0.0622,"IN,BR",2023-03-02,2025-01-19,250000,0.0345,750.0
C0482,Song_182,A24,17.5,0.0723,"US,CA",2023-02-16,2024-06-21,100000,0.0507,200.0
C0483,Song_183,MGM,12.7,0.0332,"IN,JP,DE",2023-04-25,2025-01-29,250000,0.0251,500.0
C0484,Song_184,Warner Bros,11.4,0.0168,"US,CA,UK",2023-08-20,2024-06-11,250000,0.0122,500.0
C0485,Song_185,Sony Music,12.9,0.0591,"UK,FR,AU",2023-09-25,2025-04-09,250000,0.0332,750.0
C0486,Song_186,Universal,17.3,0.0278,"US,CA,UK",2023-07-29,2024-05-13,100000,0.0168,200.0
C0487,Song_187,MGM,9.2,0.0175,"JP,DE",2023-04-08,2024-09-15,100000,0.0116,500.0
C0488,Song_188,Lionsgate,15.4,0.0194,"US,CA,UK",2023-10-29,2025-09-24,250000,0.0133,500.0
C0489,Song_189,Sony Music,14.9,0.0747,"IN,JP,DE",2023-10-27,2025-08-31,50000,0.0568,750.0
C0490,Song_190,Netflix Originals,13.0,0.0371,"IN,JP,DE",2023-03-07,2023-12-18,100000,0.0264,500.0
C0491,Song_191,Paramount,12.5,0.0292,"UK,FR,AU",2023-12-21,2025-02-27,50000,0.0237,200.0
C0492,Song_192,Netflix Originals,15.1,0.0309,"JP,DE",2023-11-05,2025-10-09,250000,0.0228,750.0
C0493,Song_193,Netflix Originals,17.2,0.0537,US,2023-04-13,2024-05-11,50000,0.0337,750.0
C0494,Song_194,Universal,15.6,0.048,"US,CA,UK",2023-04-02,2025-02-25,250000,0.0347,500.0
C0495,Song_195,Lionsgate,10.9,0.0572,"UK,FR,AU",2023-10-20,2025-06-18,100000,0.0453,200.0
C0496,Song_196,Warner Bros,10.0,0.0367,"UK,FR,AU",2023-02-24,2023-09-17,50000,0.0207,500.0
C0497,Song_197,Paramount,10.0,0.0688,"US,CA,UK",2023-05-09,2024-04-02,250000,0.0507,200.0
C0498,Song_198,Lionsgate,16.6,0.0531,"IN,BR",2023-08-20,2024-05-30,250000,0.0389,750.0
C0499,Song_199,Paramount,14.9,0.0458,"UK,FR,AU",2023-07-19,2024-09-14,50000,0.035,500.0
C0500,Song_200,Paramount,10.0,0.0776,"JP,DE",2023-08-02,2024-12-14,100000,0.0438,200.0
C0501,Song_201,MGM,10.0,0.0629,"US,CA,UK",2023-12-27,2025-07-05,250000,0.0439,200.0
C0502,Song_202,Sony Music,15.4,0.0788,"IN,BR",2023-08-18,2024-08-13,50000,0.0449,500.0
C0503,Song_203,MGM,16.5,0.049,"US,CA",2023-08-08,2024-11-15,50000,0.0287,500.0
C0504,Song_204,MGM,8.5,0.0128,"JP,DE",2023-12-30,2024-12-02,250000,0.0102,750.0
C0505,Song_205,Netflix Originals,8.7,0.0443,"IN,JP,DE",2023-12-05,2025-04-06,250000,0.0312,500.0
C0506,Song_206,Sony Music,12.2,0.0464,"UK,FR,AU",2023-04-23,2024-04-25,250000,0.0354,500.0
C0507,Song_207,Netflix Originals,11.6,0.0718,"US,CA",2023-06-28,2024-08-07,50000,0.0523,750.0
C0508,Song_208,Disney,17.0,0.018,"UK,FR,AU",2023-09-01,2024-03-08,250000,0.0116,750.0
C0509,Song_209,Universal,11.9,0.0367,US,2023-01-21,2024-06-12,250000,0.0281,750.0
C0510,Song_210,Lionsgate,12.5,0.0675,"IN,BR",2023-01-13,2024-12-22,50000,0.044,500.0
C0511,Song_211,Sony Music,17.7,0.046,"US,CA,UK",2023-04-09,2024-08-29,250000,0.0371,750.0
C0512,Song_212,Disney,16.6,0.0248,"US,CA",2023-11-17,2024-07-21,100000,0.0179,200.0
C0513,Song_213,Sony Music,8.2,0.0553,US,2023-10-03,2025-06-19,250000,0.0444,500.0
C0514,Song_214,Lionsgate,8.7,0.0138,"US,CA",2023-02-14,2023-10-27,50000,0.0105,500.0
C0515,Song_215,Warner Bros,11.9,0.0541,"JP,DE",2023-07-18,2025-04-19,50000,0.0361,750.0
C0516,Song_216,Universal,11.6,0.0629,"US,CA",2023-11-25,2024-07-26,250000,0.0445,200.0
C0517,Song_217,A24,11.8,0.0525,"IN,BR",2023-12-18,2025-04-19,250000,0.0329,200.0
C0518,Song_218,Lionsgate,10.9,0.0254,"JP,DE",2023-03-22,2025-03-17,250000,0.0191,200.0
C0519,Song_219,Lionsgate,9.4,0.077,"IN,BR",2023-12-13,2025-06-27,50000,0.0426,200.0
C0520,Song_220,Paramount,10.1,0.0476,"UK,FR,AU",2023-11-02,2025-06-07,250000,0.0384,750.0
C0521,Song_221,Sony Music,9.6,0.0734,"IN,BR",2023-04-19,2024-12-11,50000,0.0572,750.0
C0522,Song_222,MGM,16.5,0.018,"IN,JP,DE",2023-05-10,2024-05-22,250000,0.0132,500.0
C0523,Song_223,Universal,10.0,0.0303,"US,CA,UK",2023-10-09,2024-06-19,250000,0.0172,500.0
C0524,Song_224,Paramount,14.2,0.057,"IN,BR",2023-07-02,2024-05-08,50000,0.035,500.0
C0525,Song_225,MGM,9.5,0.0531,"JP,DE",2023-08-19,2025-01-16,250000,0.0336,500.0
C0526,Song_226,Disney,15.1,0.0218,"IN,JP,DE",2023-06-11,2025-02-18,250000,0.0138,500.0
C0527,Song_227,A24,12.6,0.0576,"IN,BR",2023-07-04,2024-05-16,100000,0.0368,500.0
C0528,Song_228,Paramount,16.6,0.0223,"JP,DE",2023-10-10,2024-07-27,50000,0.0159,750.0
C0529,Song_229,Lionsgate,14.3,0.0609,US,2023-05-15,2024-01-28,250000,0.0482,750.0
C0530,Song_230,Lionsgate,16.9,0.0734,"JP,DE",2023-10-30,2024-11-30,250000,0.0513,500.0
C0531,Song_231,MGM,15.3,0.0375,"US,CA,UK",2023-03-18,2024-09-22,100000,0.0297,200.0
C0532,Song_232,Warner Bros,14.6,0.0163,"JP,DE",2023-09-14,2025-08-16,250000,0.0106,750.0
C0533,Song_233,MGM,14.6,0.0412,US,2023-09-21,2024-08-09,50000,0.0247,750.0
C0534,Song_234,Disney,8.6,0.0128,"US,CA,UK",2023-09-05,2025-03-05,100000,0.0097,200.0
C0535,Song_235,Indie Label,12.7,0.0463,"US,CA",2023-12-09,2025-01-03,100000,0.0354,200.0
C0536,Song_236,Paramount,16.3,0.0172,"US,CA",2023-11-29,2025-04-23,100000,0.014,750.0
C0537,Song_237,MGM,14.5,0.0364,"UK,FR,AU",2023-10-19,2024-10-11,50000,0.0237,750.0
C0538,Song_238,Netflix Originals,12.9,0.0461,"IN,BR",2023-07-12,2024-08-23,100000,0.0297,750.0
C0539,Song_239,Lionsgate,14.4,0.0408,"US,CA",2023-09-14,2024-08-01,50000,0.025,200.0
C0540,Song_240,Disney,12.1,0.0521,US,2023-03-22,2024-09-22,100000,0.0401,750.0
C0541,Song_241,Indie Label,8.2,0.0435,"US,CA",2023-09-04,2025-07-05,50000,0.0309,200.0
C0542,Song_242,MGM,9.5,0.0194,"UK,FR,AU",2023-10-31,2024-10-09,50000,0.0134,500.0
C0543,Song_243,Warner Bros,16.8,0.052,US,2023-09-22,2025-05-09,250000,0.0365,750.0
C0544,Song_244,A24,16.7,0.0252,"IN,JP,DE",2023-05-26,2024-02-17,50000,0.018,200.0
C0545,Song_245,Sony Music,14.2,0.0656,"IN,JP,DE",2023-07-30,2024-06-20,250000,0.0506,500.0
C0546,Song_246,Universal,10.3,0.0746,US,2023-12-18,2025-05-31,100000,0.053,200.0
C0547,Song_247,Indie Label,16.3,0.0466,"US,CA",2023-01-09,2024-01-31,250000,0.0371,200.0
C0548,Song_248,Universal,8.9,0.0714,US,2023-09-01,2024-04-07,250000,0.0495,200.0
C0549,Song_249,Indie Label,13.2,0.0728,"UK,FR,AU",2023-10-04,2024-04-02,100000,0.0553,200.0
C0550,Song_250,Indie Label,11.5,0.0261,"US,CA,UK",2023-09-29,2025-06-09,250000,0.02,750.0
C0551,Song_251,Disney,17.1,0.0194,"UK,FR,AU",2023-02-20,2024-10-27,50000,0.0132,500.0
C0552,Song_252,Warner Bros,13.8,0.028,"UK,FR,AU",2023-10-06,2025-05-26,50000,0.0154,750.0
C0553,Song_253,Netflix Originals,9.1,0.0581,"US,CA",2023-07-12,2024-08-05,100000,0.0369,750.0
C0554,Song_254,Netflix Originals,14.1,0.0698,"UK,FR,AU",2023-05-10,2024-07-30,250000,0.0464,500.0
C0555,Song_255,Sony Music,11.7,0.0486,"IN,JP,DE",2023-04-15,2024-12-08,250000,0.034,500.0
C0556,Song_256,Sony Music,16.5,0.0642,"IN,BR",2023-06-07,2024-11-20,250000,0.0422,200.0
C0557,Song_257,Universal,10.1,0.0648,"US,CA,UK",2023-04-28,2025-01-24,100000,0.0522,500.0
C0558,Song_258,Warner Bros,16.0,0.0213,"IN,JP,DE",2023-10-09,2024-05-29,50000,0.0173,500.0
C0559,Song_259,Universal,14.1,0.0145,"UK,FR,AU",2023-08-11,2024-05-07,250000,0.0088,500.0
C0560,Song_260,Warner Bros,17.5,0.0301,"JP,DE",2023-11-11,2025-10-24,50000,0.0244,750.0
C0561,Song_261,Lionsgate,10.9,0.0241,"JP,DE",2023-08-13,2024-02-19,50000,0.0175,750.0
C0562,Song_262,Netflix Originals,10.4,0.0531,"UK,FR,AU",2023-09-22,2024-11-12,50000,0.0389,200.0
C0563,Song_263,MGM,10.0,0.0347,"US,CA",2023-05-22,2024-12-31,50000,0.0228,750.0
C0564,Song_264,Lionsgate,17.2,0.0485,"US,CA,UK",2023-02-05,2023-11-04,100000,0.0362,500.0
C0565,Song_265,Indie Label,13.7,0.0524,"IN,JP,DE",2023-05-22,2024-07-06,100000,0.0316,200.0
C0566,Song_266,Netflix Originals,17.5,0.0491,"JP,DE",2023-09-17,2024-07-02,250000,0.0337,500.0
C0567,Song_267,MGM,12.8,0.0586,"UK,FR,AU",2023-10-22,2024-12-31,50000,0.0475,500.0
C0568,Song_268,A24,9.2,0.0728,"IN,JP,DE",2023-08-23,2025-06-04,50000,0.057,500.0
C0569,Song_269,Netflix Originals,13.2,0.066,"US,CA,UK",2023-04-23,2024-06-11,50000,0.0436,750.0
C0570,Song_270,Netflix Originals,8.8,0.0301,"IN,JP,DE",2023-05-15,2024-07-22,50000,0.0198,500.0
C0571,Song_271,Disney,13.0,0.0726,"IN,BR",2023-07-01,2024-08-07,50000,0.0452,200.0
C0572,Song_272,Disney,16.4,0.0245,"US,CA,UK",2023-05-04,2024-07-28,100000,0.0148,200.0
C0573,Song_273,A24,14.1,0.0744,"IN,JP,DE",2023-02-24,2023-12-23,250000,0.0545,200.0
C0574,Song_274,MGM,16.7,0.0534,"IN,JP,DE",2023-09-04,2025-03-17,100000,0.0365,200.0
C0575,Song_275,Sony Music,8.5,0.0379,"IN,JP,DE",2023-09-19,2024-12-28,100000,0.0285,500.0
C0576,Song_276,Sony Music,12.6,0.0343,"UK,FR,AU",2023-01-17,2024-12-11,50000,0.0268,750.0
C0577,Song_277,Disney,11.8,0.0582,"UK,FR,AU",2023-08-24,2025-01-08,50000,0.0322,500.0
C0578,Song_278,Paramount,12.7,0.0231,"IN,BR",2023-11-10,2025-01-28,250000,0.0143,500.0
C0579,Song_279,Netflix Originals,11.7,0.0397,"IN,BR",2023-04-05,2025-02-23,100000,0.0263,500.0
C0580,Song_280,Universal,15.2,0.0785,"JP,DE",2023-04-03,2024-02-11,50000,0.0577,750.0
C0581,Song_281,Sony Music,12.7,0.0202,"JP,DE",2023-07-15,2024-07-29,50000,0.0163,200.0
C0582,Song_282,Lionsgate,13.3,0.0797,"JP,DE",2023-09-13,2024-07-26,100000,0.0621,500.0
C0583,Song_283,Warner Bros,10.2,0.0379,"IN,BR",2023-05-09,2023-12-23,100000,0.0279,500.0
C0584,Song_284,Netflix Originals,11.6,0.0415,"IN,JP,DE",2023-11-19,2024-08-23,250000,0.0266,500.0
C0585,Song_285,MGM,10.0,0.0185,"IN,BR",2023-01-11,2024-09-03,250000,0.0145,750.0
C0586,Song_286,Netflix Originals,14.7,0.0786,"US,CA,UK",2023-10-03,2024-09-25,100000,0.0493,750.0
C0587,Song_287,Sony Music,16.7,0.053,"JP,DE",2023-02-10,2024-09-02,250000,0.0358,500.0
C0588,Song_288,Sony Music,11.4,0.0694,"JP,DE",2023-11-20,2025-07-06,100000,0.0395,500.0
C0589,Song_289,A24,15.8,0.0524,"US,CA,UK",2023-05-30,2024-08-25,100000,0.0344,750.0
C0590,Song_290,Warner Bros,9.3,0.039,"UK,FR,AU",2023-09-24,2025-06-26,50000,0.0234,750.0
C0591,Song_291,Universal,8.6,0.0247,"IN,BR",2023-12-25,2024-09-11,100000,0.0162,750.0
C0592,Song_292,Universal,10.6,0.0467,"US,CA",2023-01-14,2024-08-22,50000,0.0382,200.0
C0593,Song_293,A24,14.3,0.0261,"US,CA,UK",2023-07-19,2024-11-26,50000,0.0196,750.0
C0594,Song_294,Netflix Originals,16.6,0.0125,"IN,JP,DE",2023-03-29,2023-10-24,100000,0.0081,750.0
C0595,Song_295,Lionsgate,9.8,0.0195,"IN,BR",2023-10-08,2025-07-04,250000,0.0157,500.0
C0596,Song_296,Paramount,17.1,0.0466,"US,CA,UK",2023-11-22,2025-08-08,100000,0.0337,750.0
C0597,Song_297,Sony Music,11.0,0.0316,US,2023-02-15,2024-11-08,50000,0.0209,750.0
C0598,Song_298,A24,17.5,0.0301,"IN,JP,DE",2023-03-11,2024-08-24,100000,0.0209,500.0
C0599,Song_299,Lionsgate,11.7,0.0518,"US,CA",2023-08-09,2024-11-30,100000,0.0396,750.0
C0600,Song_300,Indie Label,16.3,0.0214,"JP,DE",2023-07-22,2024-09-29,50000,0.016,500.0
C0601,Song_301,MGM,16.1,0.0462,"US,CA",2023-08-05,2024-10-03,250000,0.0354,500.0
C0602,Song_302,Universal,9.8,0.0666,"IN,BR",2023-11-29,2025-11-22,100000,0.0441,200.0
C0603,Song_303,Disney,11.2,0.029,"US,CA,UK",2023-08-22,2025-05-26,50000,0.0208,200.0
C0604,Song_304,Sony Music,15.2,0.0781,"UK,FR,AU",2023-01-12,2024-01-17,250000,0.0489,200.0
C0605,Song_305,Indie Label,11.1,0.011,US,2023-02-16,2024-01-16,100000,0.0067,500.0
C0606,Song_306,Sony Music,8.6,0.0331,"JP,DE",2023-12-23,2024-07-22,100000,0.0257,200.0
C0607,Song_307,Indie Label,16.3,0.0235,"UK,FR,AU",2023-08-29,2024-08-28,50000,0.0183,750.0
C0608,Song_308,Disney,12.6,0.0273,US,2023-07-17,2025-04-10,50000,0.0223,750.0
C0609,Song_309,Netflix Originals,9.6,0.0372,"US,CA,UK",2023-04-17,2025-02-09,250000,0.0301,200.0
C0610,Song_310,Paramount,10.0,0.0185,"US,CA,UK",2023-10-09,2025-09-21,50000,0.0126,750.0
C0611,Song_311,Sony Music,15.9,0.0543,US,2023-02-27,2024-04-23,250000,0.0346,200.0
C0612,Song_312,A24,14.9,0.0778,"JP,DE",2023-05-05,2023-11-10,50000,0.055,500.0
C0613,Song_313,MGM,11.4,0.021,"IN,JP,DE",2023-02-15,2024-04-24,250000,0.0121,200.0
C0614,Song_314,Sony Music,12.9,0.0591,"US,CA",2023-07-02,2024-06-03,100000,0.0451,750.0
C0615,Song_315,Disney,8.2,0.0664,"IN,JP,DE",2023-11-27,2025-05-15,100000,0.0444,500.0
C0616,Song_316,A24,13.6,0.0729,"US,CA,UK",2023-03-10,2024-05-19,250000,0.0496,750.0
C0617,Song_317,A24,10.8,0.0481,"JP,DE",2023-04-08,2024-04-13,250000,0.0307,750.0
C0618,Song_318,Paramount,13.4,0.0209,US,2023-02-05,2025-01-28,100000,0.0132,200.0
C0619,Song_319,Warner Bros,14.2,0.0365,"IN,JP,DE",2023-11-23,2025-10-21,100000,0.0219,750.0
C0620,Song_320,Indie Label,9.9,0.0561,US,2023-06-14,2024-02-13,250000,0.039,500.0
C0621,Song_321,Netflix Originals,9.1,0.0529,"IN,JP,DE",2023-10-10,2024-09-11,250000,0.0337,750.0
C0622,Song_322,Universal,12.9,0.0225,"US,CA",2023-01-23,2023-12-01,50000,0.0126,200.0
C0623,Song_323,MGM,10.6,0.0561,"UK,FR,AU",2023-11-25,2025-06-24,100000,0.0388,200.0
C0624,Song_324,A24,17.3,0.0751,"UK,FR,AU",2023-02-06,2023-08-18,50000,0.0455,500.0
C0625,Song_325,Indie Label,16.2,0.0353,"IN,JP,DE",2023-11-24,2024-07-23,250000,0.0265,200.0
C0626,Song_326,Paramount,8.8,0.047,"IN,JP,DE",2023-11-12,2025-02-06,50000,0.0352,750.0
C0627,Song_327,Lionsgate,14.6,0.0472,"US,CA",2023-02-21,2024-04-12,250000,0.0284,750.0
C0628,Song_328,MGM,11.6,0.0622,US,2023-10-13,2025-06-09,100000,0.0471,750.0
C0629,Song_329,Indie Label,13.0,0.0217,"US,CA,UK",2023-08-07,2024-05-19,250000,0.013,200.0
C0630,Song_330,Lionsgate,17.9,0.0753,"UK,FR,AU",2023-11-04,2025-07-29,100000,0.0598,500.0
C0631,Song_331,Disney,13.6,0.0678,"JP,DE",2023-11-21,2025-08-02,50000,0.0432,500.0
C0632,Song_332,Indie Label,8.0,0.0352,"IN,JP,DE",2023-10-09,2024-12-22,50000,0.0237,500.0
C0633,Song_333,Warner Bros,11.0,0.0195,"UK,FR,AU",2023-01-09,2024-12-19,50000,0.0154,200.0
C0634,Song_334,Paramount,17.2,0.064,"IN,JP,DE",2023-06-11,2023-12-30,250000,0.0515,750.0
C0635,Song_335,Sony Music,9.4,0.0166,"UK,FR,AU",2023-10-20,2024-09-22,100000,0.0112,750.0
C0636,Song_336,Indie Label,13.7,0.0668,US,2023-04-30,2024-07-15,50000,0.0384,750.0
C0637,Song_337,MGM,16.2,0.0221,"US,CA",2023-06-16,2025-04-20,50000,0.0171,750.0
C0638,Song_338,Universal,15.8,0.0612,"US,CA,UK",2023-06-03,2024-01-07,100000,0.0432,500.0
C0639,Song_339,Disney,15.5,0.0751,"IN,JP,DE",2023-08-11,2025-04-08,250000,0.0437,200.0
C0640,Song_340,Netflix Originals,13.4,0.0138,"US,CA,UK",2023-11-20,2025-06-13,50000,0.0095,500.0
C0641,Song_341,Indie Label,17.7,0.0207,"UK,FR,AU",2023-12-24,2025-02-02,250000,0.0151,750.0
C0642,Song_342,Sony Music,9.3,0.0402,"UK,FR,AU",2023-02-16,2024-03-29,50000,0.0306,500.0
C0643,Song_343,Indie Label,15.7,0.0284,"UK,FR,AU",2023-01-26,2024-09-05,50000,0.0187,200.0
C0644,Song_344,Disney,13.6,0.0442,"JP,DE",2023-10-14,2024-10-30,250000,0.0321,750.0
C0645,Song_345,MGM,8.9,0.0286,US,2023-05-05,2024-01-13,250000,0.0191,500.0
C0646,Song_346,Warner Bros,15.7,0.0233,"JP,DE",2023-07-07,2024-12-24,50000,0.015,500.0
C0647,Song_347,Disney,10.0,0.0408,"UK,FR,AU",2023-08-15,2024-07-09,100000,0.0326,200.0
C0648,Song_348,MGM,17.3,0.0618,"IN,JP,DE",2023-02-13,2023-12-05,100000,0.038,200.0
C0649,Song_349,Netflix Originals,10.1,0.0314,"IN,BR",2023-12-22,2024-10-10,250000,0.0213,200.0
C0650,Song_350,MGM,15.3,0.0625,US,2023-10-07,2025-09-21,50000,0.0436,750.0
C0651,Song_351,Lionsgate,8.4,0.0364,"US,CA,UK",2023-12-09,2024-06-24,50000,0.0289,200.0
C0652,Song_352,Warner Bros,8.7,0.0137,"IN,BR",2023-04-13,2024-07-13,250000,0.01,500.0
C0653,Song_353,Indie Label,10.3,0.0705,"US,CA,UK",2023-12-04,2025-06-04,100000,0.0391,750.0
C0654,Song_354,Universal,9.9,0.0439,"US,CA,UK",2023-02-20,2024-07-07,250000,0.0312,500.0
C0655,Song_355,Paramount,11.3,0.0128,"UK,FR,AU",2023-12-31,2024-07-20,100000,0.0102,750.0
C0656,Song_356,Paramount,10.4,0.0579,US,2023-01-10,2024-06-28,250000,0.0374,500.0
C0657,Song_357,Warner Bros,17.4,0.0715,"IN,JP,DE",2023-02-01,2024-04-19,100000,0.0565,200.0
C0658,Song_358,Indie Label,13.2,0.056,US,2023-06-24,2025-01-26,250000,0.0321,750.0
C0659,Song_359,Indie Label,17.7,0.0392,"IN,JP,DE",2023-11-17,2025-01-02,250000,0.0276,500.0
C0660,Song_360,Lionsgate,14.8,0.0245,"JP,DE",2023-10-05,2024-08-14,50000,0.0144,200.0
C0661,Song_361,Sony Music,14.6,0.0737,"IN,BR",2023-12-19,2025-12-04,250000,0.0491,200.0
C0662,Song_362,Netflix Originals,16.4,0.0764,"IN,BR",2023-02-04,2025-01-29,50000,0.0445,750.0
C0663,Song_363,Paramount,9.5,0.0773,"US,CA",2023-06-13,2025-02-05,50000,0.0488,200.0
C0664,Song_364,Paramount,14.1,0.0634,US,2023-04-05,2023-10-28,250000,0.0453,200.0
C0665,Song_365,A24,9.3,0.0581,"UK,FR,AU",2023-04-29,2024-06-18,250000,0.0376,500.0
C0666,Song_366,A24,9.4,0.0229,"US,CA,UK",2023-11-29,2025-06-13,50000,0.015,200.0
C0667,Song_367,Disney,15.4,0.0748,"US,CA",2023-07-29,2024-02-09,50000,0.0603,200.0
C0668,Song_368,Netflix Originals,16.7,0.0707,"US,CA",2023-04-01,2024-12-20,50000,0.0482,500.0
C0669,Song_369,MGM,13.9,0.0604,"JP,DE",2023-01-22,2024-08-13,250000,0.0396,750.0
C0670,Song_370,Warner Bros,16.8,0.0177,"US,CA,UK",2023-01-20,2025-01-02,50000,0.0119,750.0
C0671,Song_371,Warner Bros,9.9,0.049,"UK,FR,AU",2023-07-22,2024-02-27,100000,0.0338,500.0
C0672,Song_372,Warner Bros,14.9,0.0217,"IN,BR",2023-05-27,2025-03-09,50000,0.0137,500.0
C0673,Song_373,Sony Music,15.8,0.0163,"IN,JP,DE",2023-11-27,2025-08-30,250000,0.0112,750.0
C0674,Song_374,A24,13.9,0.0326,US,2023-07-21,2025-03-15,250000,0.0181,200.0
C0675,Song_375,Sony Music,15.2,0.0327,"JP,DE",2023-02-16,2024-04-27,50000,0.0237,200.0
C0676,Song_376,Indie Label,15.3,0.0544,"US,CA",2023-12-28,2025-09-28,250000,0.0312,750.0
C0677,Song_377,Netflix Originals,13.7,0.0131,US,2023-07-13,2025-02-01,250000,0.0078,200.0
C0678,Song_378,Paramount,11.1,0.0638,US,2023-03-16,2024-03-13,100000,0.036,500.0
C0679,Song_379,Warner Bros,14.2,0.0729,"US,CA,UK",2023-04-03,2024-01-28,100000,0.059,200.0
C0680,Song_380,A24,10.4,0.048,"JP,DE",2023-09-12,2025-08-02,250000,0.0265,750.0
C0681,Song_381,Warner Bros,10.4,0.0409,"JP,DE",2023-08-21,2025-04-11,250000,0.0291,500.0
C0682,Song_382,Netflix Originals,8.4,0.0134,"UK,FR,AU",2023-11-18,2024-12-14,50000,0.0079,750.0
C0683,Song_383,Universal,12.2,0.0332,"UK,FR,AU",2023-11-05,2025-03-04,50000,0.019,200.0
C0684,Song_384,Netflix Originals,17.3,0.0776,"US,CA,UK",2023-05-26,2024-05-21,50000,0.0584,500.0
C0685,Song_385,Lionsgate,8.6,0.0674,"IN,BR",2023-07-08,2025-01-26,100000,0.0509,200.0
C0686,Song_386,Disney,15.0,0.033,"US,CA",2023-12-22,2025-03-27,250000,0.0218,200.0
C0687,Song_387,MGM,17.3,0.0791,"US,CA",2023-10-20,2025-10-10,250000,0.0538,500.0
C0688,Song_388,MGM,11.5,0.0282,"JP,DE",2023-11-08,2025-03-26,50000,0.0199,750.0
C0689,Song_389,Sony Music,16.8,0.061,"UK,FR,AU",2023-09-12,2025-08-24,50000,0.0417,750.0
C0690,Song_390,Universal,15.4,0.0183,"IN,BR",2023-04-10,2023-10-08,50000,0.0124,750.0
C0691,Song_391,Disney,8.1,0.0334,"JP,DE",2023-07-31,2024-03-13,50000,0.0234,750.0
C0692,Song_392,Netflix Originals,15.7,0.0315,"IN,BR",2023-05-11,2024-01-15,50000,0.0216,750.0
C0693,Song_393,Warner Bros,16.3,0.0607,"IN,BR",2023-06-24,2025-01-29,50000,0.0435,500.0
C0694,Song_394,Sony Music,12.8,0.0741,"IN,JP,DE",2023-06-23,2025-04-23,250000,0.0567,500.0
C0695,Song_395,Warner Bros,16.4,0.0424,"IN,JP,DE",2023-10-02,2025-03-08,100000,0.0326,750.0
C0696,Song_396,MGM,14.9,0.0489,"US,CA,UK",2023-12-14,2025-04-30,100000,0.0271,200.0
C0697,Song_397,Lionsgate,16.4,0.0337,US,2023-05-24,2023-12-21,250000,0.0219,750.0
C0698,Song_398,Netflix Originals,15.1,0.0705,"JP,DE",2023-04-06,2024-01-30,100000,0.0531,500.0
C0699,Song_399,Paramount,10.2,0.036,"US,CA",2023-09-12,2024-11-08,100000,0.0279,200.0
C0700,Song_400,A24,13.1,0.0644,"US,CA",2023-07-11,2024-02-14,100000,0.0513,750.0
C0701,Song_401,Lionsgate,11.1,0.0747,US,2023-04-08,2024-09-17,100000,0.0559,200.0
C0702,Song_402,Warner Bros,12.6,0.0574,"IN,JP,DE",2023-02-20,2025-01-28,250000,0.0336,750.0
C0703,Song_403,MGM,16.7,0.0753,"US,CA",2023-01-03,2024-05-15,100000,0.0554,500.0
C0704,Song_404,Warner Bros,13.8,0.0636,"US,CA",2023-02-22,2025-02-04,100000,0.0478,750.0
C0705,Song_405,Netflix Originals,15.7,0.0235,US,2023-06-14,2024-07-03,250000,0.0147,200.0
C0706,Song_406,MGM,13.6,0.0292,"IN,BR",2023-03-18,2024-02-22,50000,0.0162,200.0
C0707,Song_407,Paramount,13.7,0.029,"UK,FR,AU",2023-06-29,2024-11-16,50000,0.0233,200.0
C0708,Song_408,Warner Bros,12.7,0.0478,"IN,BR",2023-11-10,2025-04-19,250000,0.0269,200.0
C0709,Song_409,MGM,16.9,0.016,"US,CA",2023-07-16,2024-03-07,250000,0.0105,750.0
C0710,Song_410,Lionsgate,8.8,0.0319,"US,CA,UK",2023-08-17,2025-02-11,100000,0.0246,750.0
C0711,Song_411,A24,12.7,0.0168,US,2023-02-17,2024-12-07,50000,0.0106,200.0
C0712,Song_412,Netflix Originals,15.9,0.0739,"IN,JP,DE",2023-11-12,2025-01-29,100000,0.0485,500.0
C0713,Song_413,A24,16.5,0.0433,"JP,DE",2023-01-16,2023-09-19,100000,0.0279,500.0
C0714,Song_414,Universal,11.3,0.0456,"UK,FR,AU",2023-10-22,2024-08-27,250000,0.0301,200.0
C0715,Song_415,Disney,14.2,0.0423,"IN,JP,DE",2023-06-04,2025-05-29,250000,0.03,200.0
C0716,Song_416,MGM,12.3,0.0338,"JP,DE",2023-07-16,2024-03-19,100000,0.026,750.0
C0717,Song_417,MGM,16.4,0.0221,"IN,JP,DE",2023-06-25,2024-08-19,50000,0.0162,750.0
C0718,Song_418,Sony Music,11.1,0.0489,"UK,FR,AU",2023-08-26,2025-01-20,100000,0.0377,200.0
C0719,Song_419,Warner Bros,8.9,0.0329,"UK,FR,AU",2023-02-25,2024-09-15,50000,0.0238,750.0
C0720,Song_420,A24,13.3,0.063,"IN,JP,DE",2023-11-22,2024-05-20,100000,0.0459,750.0
C0721,Song_421,Paramount,13.7,0.0244,"UK,FR,AU",2023-08-17,2024-08-31,250000,0.0192,500.0
C0722,Song_422,Lionsgate,12.0,0.0508,"JP,DE",2023-06-26,2024-03-23,50000,0.0363,500.0
C0723,Song_423,Netflix Originals,9.1,0.0101,"US,CA",2023-07-09,2024-02-28,100000,0.0071,200.0
C0724,Song_424,Indie Label,11.8,0.0538,US,2023-08-10,2025-03-15,250000,0.0399,200.0
C0725,Song_425,Netflix Originals,16.4,0.0197,"US,CA,UK",2023-03-30,2025-01-24,50000,0.0138,500.0
C0726,Song_426,Warner Bros,9.4,0.0194,"IN,JP,DE",2023-12-10,2024-10-13,100000,0.011,750.0
C0727,Song_427,A24,16.9,0.0196,"JP,DE",2023-03-11,2023-12-02,250000,0.015,750.0
C0728,Song_428,A24,11.8,0.0418,"JP,DE",2023-11-16,2024-11-14,50000,0.0278,200.0
C0729,Song_429,Disney,15.1,0.0505,"JP,DE",2023-11-06,2024-05-11,100000,0.0393,500.0
C0730,Song_430,A24,15.0,0.0123,"UK,FR,AU",2023-10-23,2025-04-30,50000,0.0069,750.0
C0731,Song_431,Paramount,12.6,0.0199,"JP,DE",2023-12-20,2024-09-06,50000,0.0149,750.0
C0732,Song_432,Universal,14.8,0.0431,"UK,FR,AU",2023-02-15,2024-04-21,250000,0.0323,750.0
C0733,Song_433,Warner Bros,12.7,0.0733,"IN,BR",2023-11-10,2024-07-01,250000,0.0509,500.0
C0734,Song_434,Paramount,10.9,0.0347,"UK,FR,AU",2023-06-19,2025-02-19,50000,0.0282,750.0
C0735,Song_435,Sony Music,13.7,0.0143,"UK,FR,AU",2023-06-05,2024-08-24,250000,0.0097,500.0
C0736,Song_436,Lionsgate,8.8,0.0301,"IN,JP,DE",2023-11-16,2024-06-10,100000,0.0172,500.0
C0737,Song_437,Universal,14.0,0.0293,US,2023-11-12,2025-02-21,250000,0.0181,750.0
C0738,Song_438,Disney,12.8,0.0359,US,2023-12-04,2025-09-01,250000,0.0214,200.0
C0739,Song_439,A24,15.5,0.0517,"IN,BR",2023-02-13,2024-01-07,100000,0.0399,500.0
C0740,Song_440,MGM,15.3,0.0608,US,2023-12-05,2025-08-26,100000,0.0362,200.0
C0741,Song_441,A24,11.0,0.0137,"US,CA,UK",2023-05-16,2024-03-09,250000,0.0093,750.0
C0742,Song_442,Indie Label,8.1,0.0432,US,2023-07-14,2025-02-12,100000,0.0255,500.0
C0743,Song_443,Lionsgate,14.4,0.0578,"US,CA,UK",2023-06-11,2025-06-02,100000,0.0324,750.0
C0744,Song_444,Paramount,14.5,0.0289,"US,CA,UK",2023-05-20,2024-10-24,100000,0.0222,500.0
C0745,Song_445,Disney,13.2,0.0614,"IN,JP,DE",2023-12-12,2025-02-11,250000,0.0435,750.0
C0746,Song_446,Warner Bros,12.1,0.0571,US,2023-06-10,2023-12-17,250000,0.0442,200.0
C0747,Song_447,Disney,8.3,0.0254,"US,CA,UK",2023-08-17,2025-02-06,250000,0.0159,200.0
C0748,Song_448,Universal,8.9,0.0765,"US,CA",2023-11-01,2024-12-07,250000,0.0553,200.0
C0749,Song_449,Paramount,10.9,0.0727,"JP,DE",2023-12-03,2024-12-06,250000,0.0536,200.0
C0750,Song_450,Netflix Originals,10.6,0.0639,"US,CA,UK",2023-08-21,2024-11-26,50000,0.0471,500.0
C0751,Song_451,Paramount,17.6,0.0372,"IN,JP,DE",2023-02-01,2024-08-25,100000,0.0305,200.0
C0752,Song_452,Indie Label,9.8,0.0786,"JP,DE",2023-02-05,2024-12-19,100000,0.0475,200.0
C0753,Song_453,A24,15.2,0.0253,US,2023-10-04,2025-06-16,50000,0.0183,200.0
C0754,Song_454,A24,9.5,0.0644,"US,CA",2023-02-06,2024-04-17,250000,0.0357,200.0
C0755,Song_455,Indie Label,13.7,0.0287,"US,CA",2023-12-07,2025-07-08,250000,0.0212,750.0
C0756,Song_456,Universal,13.4,0.0405,"IN,JP,DE",2023-09-09,2025-07-09,50000,0.0315,500.0
C0757,Song_457,Netflix Originals,11.3,0.0497,"US,CA,UK",2023-09-04,2024-07-04,100000,0.0399,500.0
C0758,Song_458,Netflix Originals,8.8,0.0356,"US,CA",2023-11-20,2024-08-18,100000,0.0278,500.0
C0759,Song_459,Disney,11.0,0.0488,"US,CA,UK",2023-04-14,2024-04-08,100000,0.0396,200.0
C0760,Song_460,A24,15.4,0.0441,"US,CA,UK",2023-12-19,2025-06-18,50000,0.0348,200.0
C0761,Song_461,Lionsgate,14.4,0.0442,US,2023-01-13,2024-03-12,100000,0.0251,750.0
C0762,Song_462,Warner Bros,12.1,0.0126,"IN,JP,DE",2023-08-19,2024-03-02,50000,0.0071,750.0
C0763,Song_463,Lionsgate,9.5,0.0758,"US,CA,UK",2023-09-25,2025-07-05,250000,0.0595,200.0
C0764,Song_464,MGM,8.5,0.0442,"US,CA",2023-01-19,2023-12-09,250000,0.0245,750.0
C0765,Song_465,Universal,12.6,0.0543,US,2023-01-08,2023-12-30,50000,0.0431,750.0
C0766,Song_466,Disney,8.6,0.0448,"US,CA",2023-02-24,2023-12-17,50000,0.0343,500.0
C0767,Song_467,MGM,13.5,0.0327,"IN,BR",2023-12-14,2025-07-27,100000,0.0266,200.0
C0768,Song_468,Sony Music,15.6,0.0335,"IN,JP,DE",2023-01-24,2024-01-16,50000,0.0195,750.0
C0769,Song_469,Warner Bros,9.3,0.0407,"IN,BR",2023-10-11,2024-09-23,250000,0.0326,750.0
C0770,Song_470,Warner Bros,9.8,0.0716,"JP,DE",2023-03-22,2023-10-04,50000,0.0409,750.0
C0771,Song_471,A24,14.9,0.0391,"US,CA,UK",2023-10-31,2025-02-12,50000,0.03,200.0
C0772,Song_472,Sony Music,14.1,0.0415,"US,CA,UK",2023-05-19,2025-05-03,50000,0.0255,750.0
C0773,Song_473,Netflix Originals,12.2,0.0539,US,2023-09-13,2024-06-09,250000,0.041,200.0
C0774,Song_474,Lionsgate,13.1,0.0784,US,2023-03-02,2025-02-21,100000,0.0562,750.0
C0775,Song_475,Sony Music,14.9,0.0137,"US,CA,UK",2023-04-17,2024-07-23,100000,0.008,500.0
C0776,Song_476,Disney,12.3,0.0138,US,2023-03-23,2023-11-02,100000,0.0089,750.0
C0777,Song_477,Lionsgate,9.8,0.0173,"IN,JP,DE",2023-08-21,2024-04-01,50000,0.0098,500.0
C0778,Song_478,MGM,13.8,0.0727,"UK,FR,AU",2023-03-01,2023-11-08,100000,0.0541,200.0
C0779,Song_479,Disney,9.0,0.0261,"US,CA,UK",2023-12-13,2025-05-09,250000,0.0151,500.0
C0780,Song_480,MGM,12.8,0.0724,"IN,JP,DE",2023-04-13,2024-10-28,100000,0.0413,200.0
C0781,Song_481,A24,15.2,0.0225,US,2023-11-09,2025-08-15,250000,0.0146,500.0
C0782,Song_482,Warner Bros,10.8,0.0189,"IN,BR",2023-04-14,2024-09-18,50000,0.0139,500.0
C0783,Song_483,Paramount,14.0,0.0632,"JP,DE",2023-08-03,2024-07-23,250000,0.0385,750.0
C0784,Song_484,A24,16.6,0.0161,US,2023-10-23,2024-12-11,50000,0.0126,750.0
C0785,Song_485,Disney,10.5,0.011,"JP,DE",2023-08-25,2024-12-02,100000,0.0073,750.0
C0786,Song_486,Indie Label,17.8,0.074,US,2023-10-30,2024-09-26,50000,0.0586,500.0
C0787,Song_487,Universal,12.5,0.0398,"US,CA,UK",2023-09-16,2024-04-17,50000,0.0261,200.0
C0788,Song_488,Paramount,10.4,0.0765,"UK,FR,AU",2023-01-07,2024-08-25,50000,0.0448,200.0
C0789,Song_489,MGM,15.5,0.0213,"JP,DE",2023-12-09,2025-04-14,50000,0.0144,500.0
C0790,Song_490,A24,15.0,0.0229,"JP,DE",2023-03-12,2024-10-27,50000,0.018,750.0
C0791,Song_491,Paramount,15.0,0.0472,"US,CA",2023-07-17,2024-12-18,250000,0.0297,750.0
C0792,Song_492,Warner Bros,13.1,0.0534,"UK,FR,AU",2023-04-17,2024-01-04,250000,0.0342,500.0
C0793,Song_493,Netflix Originals,11.7,0.0356,"US,CA",2023-02-26,2024-09-20,250000,0.0255,750.0
C0794,Song_494,Lionsgate,9.1,0.0197,"US,CA,UK",2023-02-04,2024-02-28,100000,0.0126,750.0
C0795,Song_495,Netflix Originals,11.5,0.0627,"IN,JP,DE",2023-10-25,2024-11-22,100000,0.0474,750.0
C0796,Song_496,A24,12.9,0.0138,"US,CA,UK",2023-08-05,2024-11-10,250000,0.009,200.0
C0797,Song_497,Paramount,12.5,0.0575,"JP,DE",2023-12-30,2025-12-23,100000,0.0399,750.0
C0798,Song_498,Universal,11.9,0.0724,"US,CA,UK",2023-02-03,2024-02-10,50000,0.0488,500.0
C0799,Song_499,A24,9.5,0.0293,"US,CA",2023-02-25,2024-02-08,50000,0.0216,750.0
C0800,Song_500,Sony Music,12.7,0.0392,"US,CA,UK",2023-01-12,2024-05-06,100000,0.0288,500.0
C0801,Song_501,Disney,16.3,0.0304,"US,CA,UK",2023-11-27,2024-06-15,250000,0.0172,750.0
C0802,Song_502,A24,13.9,0.0559,"IN,BR",2023-07-30,2025-01-11,250000,0.0426,750.0
C0803,Song_503,Paramount,9.7,0.0421,"IN,JP,DE",2023-10-08,2025-07-04,100000,0.0296,200.0
C0804,Song_504,Netflix Originals,10.8,0.0639,"JP,DE",2023-07-10,2024-10-27,50000,0.036,750.0
C0805,Song_505,Sony Music,9.6,0.03,US,2023-12-31,2025-12-28,50000,0.0244,200.0
C0806,Song_506,Disney,13.6,0.0409,"IN,BR",2023-10-22,2024-08-26,50000,0.0266,750.0
C0807,Song_507,Sony Music,13.3,0.0361,"IN,BR",2023-06-26,2024-05-22,50000,0.0251,200.0
C0808,Song_508,Sony Music,8.0,0.0763,"JP,DE",2023-09-13,2024-08-06,250000,0.0611,750.0
C0809,Song_509,MGM,14.7,0.0432,"UK,FR,AU",2023-06-19,2024-10-13,250000,0.0271,750.0
C0810,Song_510,Sony Music,14.8,0.0612,"JP,DE",2023-06-23,2024-04-13,50000,0.0485,500.0
C0811,Song_511,Warner Bros,14.1,0.0412,"US,CA",2023-07-25,2024-09-02,50000,0.0237,750.0
C0812,Song_512,A24,14.8,0.0237,"UK,FR,AU",2023-04-24,2024-07-31,50000,0.0136,750.0
C0813,Song_513,Warner Bros,17.1,0.0322,"JP,DE",2023-04-10,2025-02-20,100000,0.023,500.0
C0814,Song_514,Netflix Originals,11.5,0.037,US,2023-08-07,2025-02-15,100000,0.0205,750.0
C0815,Song_515,A24,10.9,0.0619,"US,CA",2023-04-21,2025-01-14,250000,0.041,500.0
C0816,Song_516,Sony Music,10.1,0.0685,"US,CA,UK",2023-08-01,2024-06-18,100000,0.0487,750.0
C0817,Song_517,Paramount,12.1,0.0162,"IN,BR",2023-02-03,2024-08-20,250000,0.0107,500.0
C0818,Song_518,Paramount,13.5,0.0239,"US,CA,UK",2023-10-18,2024-09-02,50000,0.0185,500.0
C0819,Song_519,Disney,8.3,0.0446,"IN,JP,DE",2023-10-27,2025-03-01,50000,0.0334,200.0
C0820,Song_520,Paramount,12.2,0.0187,"IN,BR",2023-06-03,2025-03-27,100000,0.0136,750.0
C0821,Song_521,Universal,14.0,0.0184,"US,CA,UK",2023-05-06,2023-12-01,100000,0.0115,750.0
C0822,Song_522,A24,17.7,0.0708,"JP,DE",2023-10-17,2025-07-04,50000,0.0509,500.0
C0823,Song_523,Warner Bros,9.5,0.0692,"UK,FR,AU",2023-10-22,2024-05-06,100000,0.0411,750.0
C0824,Song_524,Netflix Originals,8.5,0.0137,US,2023-07-02,2024-06-13,100000,0.0089,750.0
C0825,Song_525,Universal,14.0,0.0236,"US,CA,UK",2023-02-09,2025-01-15,50000,0.017,750.0
C0826,Song_526,Netflix Originals,9.0,0.029,"IN,BR",2023-06-11,2024-10-11,250000,0.0214,500.0
C0827,Song_527,A24,12.1,0.0196,"IN,JP,DE",2023-03-15,2023-09-24,50000,0.0123,200.0
C0828,Song_528,Lionsgate,14.1,0.0255,US,2023-03-21,2025-02-13,250000,0.0153,750.0
C0829,Song_529,Universal,16.2,0.0392,"US,CA,UK",2023-10-10,2024-08-01,50000,0.0313,500.0
C0830,Song_530,MGM,13.2,0.0197,"IN,BR",2023-06-09,2024-12-11,100000,0.0132,200.0
C0831,Song_531,Sony Music,16.6,0.0621,"US,CA,UK",2023-06-05,2023-12-31,50000,0.0361,750.0
C0832,Song_532,Indie Label,14.9,0.0247,US,2023-06-07,2024-04-10,50000,0.0201,200.0
C0833,Song_533,Lionsgate,13.9,0.013,"US,CA",2023-09-05,2025-05-18,100000,0.0075,200.0
C0834,Song_534,Universal,15.8,0.0311,"IN,BR",2023-01-23,2023-09-27,250000,0.0172,200.0
C0835,Song_535,Sony Music,16.5,0.0569,"UK,FR,AU",2023-04-13,2024-04-16,100000,0.0317,750.0
C0836,Song_536,MGM,10.4,0.0699,"IN,BR",2023-06-30,2024-06-08,250000,0.0532,200.0
C0837,Song_537,Paramount,9.7,0.047,"US,CA",2023-10-24,2024-05-05,250000,0.0349,200.0
C0838,Song_538,A24,11.7,0.0744,"US,CA,UK",2023-02-20,2024-03-25,250000,0.058,200.0
C0839,Song_539,Indie Label,12.2,0.0227,"JP,DE",2023-12-11,2024-09-25,250000,0.0147,200.0
C0840,Song_540,Sony Music,13.0,0.0187,"JP,DE",2023-02-27,2024-07-12,100000,0.0108,750.0
C0841,Song_541,Indie Label,10.8,0.0158,"IN,BR",2023-10-13,2024-05-21,250000,0.0108,750.0
C0842,Song_542,Indie Label,9.9,0.0258,"IN,BR",2023-12-18,2025-09-12,50000,0.017,500.0
C0843,Song_543,Universal,12.0,0.0109,"US,CA,UK",2023-07-08,2024-07-05,250000,0.008,750.0
C0844,Song_544,MGM,17.8,0.02,"US,CA,UK",2023-02-13,2023-12-12,250000,0.0132,200.0
C0845,Song_545,Indie Label,9.2,0.0337,"US,CA",2023-07-06,2024-07-23,100000,0.0239,750.0
C0846,Song_546,Indie Label,11.6,0.0629,"JP,DE",2023-05-23,2024-08-24,250000,0.0482,750.0
C0847,Song_547,Universal,9.2,0.0295,"JP,DE",2023-09-06,2025-08-09,100000,0.0223,500.0
C0848,Song_548,Universal,13.0,0.0121,US,2023-11-18,2024-09-30,50000,0.0091,200.0
C0849,Song_549,Universal,15.6,0.0207,"JP,DE",2023-11-06,2025-04-03,250000,0.0149,750.0
C0850,Song_550,A24,13.0,0.0241,"IN,JP,DE",2023-09-10,2025-06-28,250000,0.0176,500.0
C0851,Song_551,Indie Label,16.8,0.0767,"IN,JP,DE",2023-10-04,2024-04-19,50000,0.0428,500.0
C0852,Song_552,Sony Music,13.6,0.041,"JP,DE",2023-06-11,2024-12-27,100000,0.0229,750.0
C0853,Song_553,A24,15.6,0.0194,US,2023-09-09,2025-05-22,250000,0.0144,750.0
C0854,Song_554,Lionsgate,8.6,0.0433,"JP,DE",2023-12-04,2025-09-25,100000,0.0338,500.0
C0855,Song_555,Warner Bros,8.3,0.0637,"UK,FR,AU",2023-07-13,2025-01-04,50000,0.0399,200.0
C0856,Song_556,Netflix Originals,11.8,0.0667,"IN,JP,DE",2023-07-07,2024-12-25,100000,0.0472,500.0
C0857,Song_557,Disney,14.5,0.014,"IN,BR",2023-07-30,2025-01-19,250000,0.0086,200.0
C0858,Song_558,Lionsgate,11.3,0.018,"US,CA,UK",2023-02-03,2024-06-09,100000,0.0107,750.0
C0859,Song_559,A24,13.9,0.0731,"IN,JP,DE",2023-08-05,2025-07-12,100000,0.0455,500.0
C0860,Song_560,Universal,14.9,0.0501,"UK,FR,AU",2023-07-19,2024-12-10,50000,0.0385,500.0
C0861,Song_561,Indie Label,10.0,0.0217,"JP,DE",2023-09-15,2025-02-23,250000,0.0137,200.0
C0862,Song_562,MGM,12.0,0.0301,"IN,JP,DE",2023-10-02,2024-11-04,50000,0.0169,750.0
C0863,Song_563,MGM,16.0,0.0514,"US,CA,UK",2023-02-17,2023-11-21,100000,0.0321,500.0
C0864,Song_564,Paramount,12.3,0.0556,US,2023-06-27,2024-03-11,250000,0.0351,500.0
C0865,Song_565,Lionsgate,9.8,0.0276,US,2023-08-01,2025-03-14,50000,0.019,750.0
C0866,Song_566,A24,10.7,0.0504,"US,CA,UK",2023-09-22,2024-09-27,250000,0.0306,750.0
C0867,Song_567,Warner Bros,13.2,0.0754,"IN,JP,DE",2023-11-11,2025-07-27,100000,0.0563,500.0
C0868,Song_568,Indie Label,12.1,0.0623,US,2023-05-04,2024-04-02,50000,0.0471,750.0
C0869,Song_569,Paramount,14.9,0.0677,US,2023-07-31,2024-10-26,50000,0.049,500.0
C0870,Song_570,Paramount,12.6,0.0234,US,2023-02-28,2024-01-27,250000,0.0144,500.0
C0871,Song_571,Warner Bros,10.6,0.0241,"JP,DE",2023-11-28,2024-07-02,100000,0.015,750.0
C0872,Song_572,Warner Bros,8.6,0.0775,"UK,FR,AU",2023-04-01,2023-11-10,50000,0.0528,500.0
C0873,Song_573,Netflix Originals,14.7,0.073,"UK,FR,AU",2023-06-02,2024-02-02,50000,0.0482,500.0
C0874,Song_574,Universal,13.2,0.0178,"IN,JP,DE",2023-03-13,2024-05-07,250000,0.0133,750.0
C0875,Song_575,Netflix Originals,11.3,0.0267,"IN,BR",2023-09-12,2024-06-10,250000,0.0156,750.0
C0876,Song_576,Disney,17.7,0.0253,"JP,DE",2023-05-01,2025-01-03,100000,0.0146,500.0
C0877,Song_577,Universal,11.2,0.0443,"IN,BR",2023-10-29,2024-06-22,100000,0.0288,500.0
C0878,Song_578,Netflix Originals,12.8,0.0716,"US,CA,UK",2023-05-07,2024-08-13,100000,0.0575,500.0
C0879,Song_579,Warner Bros,14.9,0.0689,"US,CA",2023-11-27,2024-06-29,250000,0.0502,200.0
C0880,Song_580,Netflix Originals,17.0,0.0316,"IN,BR",2023-10-10,2025-05-05,250000,0.0256,200.0
C0881,Song_581,Indie Label,17.3,0.0372,"UK,FR,AU",2023-05-02,2025-01-24,100000,0.0296,500.0
C0882,Song_582,A24,14.3,0.0247,"US,CA",2023-05-01,2024-08-27,250000,0.0195,500.0
C0883,Song_583,A24,12.7,0.0707,"IN,JP,DE",2023-01-18,2024-04-22,100000,0.0546,500.0
C0884,Song_584,Lionsgate,8.7,0.0677,"US,CA,UK",2023-08-05,2024-05-13,100000,0.05,750.0
C0885,Song_585,Warner Bros,14.4,0.0417,"US,CA,UK",2023-10-08,2025-03-05,50000,0.0232,750.0
C0886,Song_586,Paramount,11.1,0.0102,"JP,DE",2023-11-25,2024-10-09,50000,0.0062,200.0
C0887,Song_587,Sony Music,16.5,0.0599,US,2023-05-08,2025-04-15,250000,0.0454,500.0
C0888,Song_588,Paramount,9.7,0.0435,"IN,JP,DE",2023-06-13,2025-03-16,250000,0.0326,500.0
C0889,Song_589,Indie Label,16.8,0.0159,"IN,JP,DE",2023-05-25,2024-06-11,250000,0.0103,200.0
C0890,Song_590,Disney,10.6,0.0735,"US,CA",2023-01-12,2024-03-01,50000,0.0598,200.0
C0891,Song_591,Netflix Originals,9.7,0.052,"JP,DE",2023-11-13,2025-07-24,250000,0.0307,200.0
C0892,Song_592,A24,9.2,0.0641,"US,CA",2023-09-27,2025-06-13,250000,0.0513,200.0
C0893,Song_593,Indie Label,16.6,0.0623,US,2023-05-17,2024-09-02,250000,0.0407,200.0
C0894,Song_594,Sony Music,8.3,0.0393,"IN,JP,DE",2023-05-25,2024-06-01,100000,0.0259,200.0
C0895,Song_595,A24,8.9,0.0359,"UK,FR,AU",2023-08-19,2024-10-26,100000,0.0264,200.0
C0896,Song_596,Indie Label,15.4,0.0581,"IN,JP,DE",2023-06-15,2025-01-22,100000,0.0431,200.0
C0897,Song_597,A24,17.1,0.0136,"US,CA",2023-10-13,2024-06-09,250000,0.0109,750.0
C0898,Song_598,Indie Label,11.0,0.0104,"IN,JP,DE",2023-11-03,2024-06-16,100000,0.0071,750.0
C0899,Song_599,Lionsgate,12.9,0.0506,"IN,BR",2023-03-09,2023-10-17,100000,0.0314,500.0
C0900,Song_600,Paramount,9.2,0.0597,US,2023-02-15,2024-07-03,50000,0.0398,200.0
C0901,Song_601,Paramount,14.1,0.0748,"JP,DE",2023-05-24,2024-11-23,100000,0.0469,750.0
C0902,Song_602,Sony Music,13.6,0.0321,"IN,BR",2023-08-12,2024-07-25,250000,0.0263,750.0
C0903,Song_603,Sony Music,8.4,0.0232,"IN,JP,DE",2023-08-14,2024-04-04,100000,0.0131,200.0
C0904,Song_604,A24,8.4,0.0181,"US,CA,UK",2023-08-28,2025-05-15,100000,0.0143,750.0
C0905,Song_605,Sony Music,9.2,0.0445,"UK,FR,AU",2023-09-06,2025-06-15,50000,0.0346,200.0
C0906,Song_606,Paramount,13.6,0.0684,"IN,JP,DE",2023-05-26,2024-05-24,250000,0.0515,750.0
C0907,Song_607,Indie Label,17.2,0.0468,US,2023-10-26,2024-04-27,50000,0.033,500.0
C0908,Song_608,Universal,11.9,0.0118,"US,CA,UK",2023-02-18,2024-07-18,250000,0.0087,200.0
C0909,Song_609,A24,12.5,0.012,"IN,JP,DE",2023-06-15,2024-05-17,100000,0.0081,750.0
C0910,Song_610,A24,11.2,0.0779,"US,CA,UK",2023-01-03,2024-06-03,250000,0.0566,750.0
C0911,Song_611,Paramount,11.2,0.0248,"IN,JP,DE",2023-10-19,2024-08-26,50000,0.014,750.0
C0912,Song_612,Disney,17.7,0.0165,"US,CA",2023-10-08,2025-04-30,100000,0.0102,200.0
C0913,Song_613,Sony Music,9.2,0.0372,"US,CA",2023-04-17,2024-03-28,100000,0.0245,500.0
C0914,Song_614,Netflix Originals,13.1,0.0351,"US,CA,UK",2023-06-08,2024-04-17,100000,0.0202,500.0
C0915,Song_615,Indie Label,16.1,0.0494,"JP,DE",2023-09-01,2024-11-28,250000,0.0328,200.0
C0916,Song_616,A24,14.8,0.0165,"JP,DE",2023-11-19,2025-07-27,250000,0.0114,750.0
C0917,Song_617,Universal,10.9,0.0469,"US,CA,UK",2023-03-21,2025-02-05,100000,0.034,200.0
C0918,Song_618,Paramount,16.4,0.0204,"IN,JP,DE",2023-09-02,2025-01-01,250000,0.0119,500.0
C0919,Song_619,Lionsgate,9.1,0.0486,"IN,BR",2023-10-19,2024-06-03,100000,0.0388,500.0
C0920,Song_620,Lionsgate,8.2,0.0349,"US,CA",2023-08-26,2024-11-07,250000,0.0247,750.0
C0921,Song_621,Indie Label,16.8,0.069,"JP,DE",2023-04-02,2024-04-02,100000,0.0388,500.0
C0922,Song_622,Sony Music,10.1,0.0537,"UK,FR,AU",2023-08-21,2025-05-22,50000,0.0334,750.0
C0923,Song_623,Indie Label,9.2,0.0404,"UK,FR,AU",2023-05-13,2024-02-25,50000,0.0224,750.0
C0924,Song_624,MGM,15.3,0.0708,"JP,DE",2023-08-24,2025-04-09,100000,0.0574,750.0
C0925,Song_625,Indie Label,16.0,0.0583,"IN,JP,DE",2023-11-12,2025-05-14,50000,0.0472,200.0
C0926,Song_626,Disney,16.6,0.0178,US,2023-01-08,2024-01-18,50000,0.0099,500.0
C0927,Song_627,Lionsgate,9.9,0.0405,"US,CA,UK",2023-03-16,2024-05-16,100000,0.0291,500.0
C0928,Song_628,Sony Music,15.4,0.0115,US,2023-08-31,2025-05-04,100000,0.0068,500.0
C0929,Song_629,MGM,16.3,0.051,"JP,DE",2023-01-11,2024-10-12,100000,0.0308,200.0
C0930,Song_630,Indie Label,16.5,0.0541,"IN,BR",2023-01-05,2023-10-17,250000,0.0402,750.0
C0931,Song_631,Lionsgate,13.9,0.0126,"UK,FR,AU",2023-10-11,2025-01-30,250000,0.0083,750.0
C0932,Song_632,Indie Label,13.8,0.06,"IN,JP,DE",2023-09-07,2024-10-28,250000,0.0416,200.0
C0933,Song_633,MGM,17.4,0.0722,"IN,BR",2023-11-28,2025-07-27,100000,0.042,500.0
C0934,Song_634,A24,11.4,0.0213,"US,CA,UK",2023-08-12,2024-02-29,50000,0.0159,750.0
C0935,Song_635,A24,9.3,0.0745,US,2023-10-28,2025-04-07,100000,0.0581,750.0
C0936,Song_636,Netflix Originals,16.0,0.0683,"US,CA,UK",2023-07-19,2025-03-16,50000,0.05,750.0
C0937,Song_637,Disney,9.6,0.0567,US,2023-05-25,2024-02-17,100000,0.0332,200.0
C0938,Song_638,Warner Bros,18.0,0.0313,"IN,JP,DE",2023-08-01,2025-06-16,100000,0.019,500.0
C0939,Song_639,Lionsgate,8.3,0.0222,"IN,BR",2023-12-13,2024-11-19,50000,0.0174,500.0
C0940,Song_640,Paramount,17.9,0.0184,"JP,DE",2023-02-28,2024-04-15,100000,0.0112,200.0
C0941,Song_641,Lionsgate,14.0,0.0727,"IN,JP,DE",2023-10-13,2025-01-08,50000,0.0567,750.0
C0942,Song_642,Universal,15.8,0.0774,"US,CA",2023-08-13,2025-05-22,250000,0.0584,200.0
C0943,Song_643,Universal,16.7,0.0455,"IN,JP,DE",2023-10-15,2024-05-24,100000,0.0271,200.0
C0944,Song_644,Universal,9.5,0.0633,"US,CA,UK",2023-05-30,2025-02-20,100000,0.0433,500.0
C0945,Song_645,Indie Label,15.7,0.0694,"IN,JP,DE",2023-03-12,2024-01-11,50000,0.0464,200.0
C0946,Song_646,Paramount,11.7,0.0301,"IN,JP,DE",2023-08-31,2025-02-10,100000,0.0179,500.0
C0947,Song_647,Indie Label,15.9,0.0206,"US,CA,UK",2023-12-07,2025-02-10,50000,0.0155,500.0
C0948,Song_648,Netflix Originals,17.4,0.0766,"JP,DE",2023-07-29,2025-05-08,100000,0.0528,200.0
C0949,Song_649,Netflix Originals,12.0,0.0761,"IN,JP,DE",2023-01-06,2024-12-15,50000,0.0436,500.0
C0950,Song_650,MGM,8.6,0.0562,"US,CA",2023-07-21,2024-02-23,250000,0.0406,750.0
C0951,Song_651,Lionsgate,16.7,0.0781,"IN,JP,DE",2023-12-05,2025-11-16,250000,0.0518,750.0
C0952,Song_652,MGM,17.2,0.0679,"IN,BR",2023-06-26,2023-12-31,250000,0.0538,500.0
C0953,Song_653,MGM,14.5,0.0721,"JP,DE",2023-11-26,2024-12-20,250000,0.0518,500.0
C0954,Song_654,Universal,8.4,0.0643,"IN,JP,DE",2023-11-29,2025-07-15,100000,0.0507,500.0
C0955,Song_655,Universal,13.1,0.0794,"US,CA,UK",2023-03-06,2025-02-15,100000,0.0498,750.0
C0956,Song_656,Lionsgate,13.9,0.0116,"IN,BR",2023-11-22,2024-10-30,50000,0.0092,500.0
C0957,Song_657,Netflix Originals,10.6,0.0177,"US,CA,UK",2023-08-05,2025-07-02,250000,0.01,500.0
C0958,Song_658,Warner Bros,12.5,0.0414,"US,CA",2023-01-25,2023-11-28,50000,0.0292,750.0
C0959,Song_659,Paramount,10.8,0.0691,"UK,FR,AU",2023-10-17,2025-10-12,250000,0.0424,750.0
C0960,Song_660,Netflix Originals,13.2,0.0464,"US,CA,UK",2023-03-13,2024-09-29,50000,0.0286,500.0
C0961,Song_661,Universal,8.9,0.0598,"JP,DE",2023-02-20,2024-01-16,100000,0.0463,200.0
C0962,Song_662,Indie Label,13.9,0.0155,"JP,DE",2023-04-20,2025-01-15,250000,0.0114,500.0
C0963,Song_663,A24,15.3,0.0546,"IN,JP,DE",2023-05-16,2025-04-05,100000,0.0447,200.0
C0964,Song_664,Lionsgate,16.6,0.0439,US,2023-09-16,2024-07-22,50000,0.0296,750.0
C0965,Song_665,Lionsgate,11.7,0.0123,US,2023-08-22,2025-06-16,50000,0.0073,750.0
C0966,Song_666,Warner Bros,13.2,0.0185,"IN,JP,DE",2023-07-29,2024-05-16,50000,0.013,500.0
C0967,Song_667,Sony Music,9.4,0.0306,"IN,BR",2023-07-11,2024-11-12,250000,0.0171,500.0
C0968,Song_668,A24,8.0,0.0251,"US,CA",2023-06-06,2024-09-18,250000,0.0194,500.0
C0969,Song_669,A24,17.0,0.0437,"US,CA",2023-01-23,2024-09-21,100000,0.0277,500.0
C0970,Song_670,A24,15.6,0.0633,"IN,JP,DE",2023-11-07,2024-09-17,250000,0.0434,500.0
C0971,Song_671,Indie Label,11.9,0.066,US,2023-06-16,2024-03-13,100000,0.0481,500.0
C0972,Song_672,Sony Music,15.1,0.0615,"UK,FR,AU",2023-01-24,2024-10-18,250000,0.0446,750.0
C0973,Song_673,Lionsgate,8.9,0.0493,"IN,JP,DE",2023-12-29,2025-05-08,250000,0.0288,750.0
C0974,Song_674,Warner Bros,9.2,0.0233,"UK,FR,AU",2023-01-28,2025-01-11,250000,0.0158,200.0
C0975,Song_675,MGM,12.4,0.0272,"US,CA",2023-05-21,2024-06-14,250000,0.0201,750.0
C0976,Song_676,Netflix Originals,12.4,0.0444,"IN,BR",2023-07-25,2024-03-07,100000,0.0356,200.0
C0977,Song_677,Universal,13.4,0.0367,"IN,JP,DE",2023-09-28,2025-02-13,100000,0.0211,200.0
C0978,Song_678,Sony Music,8.6,0.0208,US,2023-05-11,2024-02-06,100000,0.0168,200.0
C0979,Song_679,Sony Music,12.1,0.0309,"US,CA",2024-01-01,2024-08-27,100000,0.0178,500.0
C0980,Song_680,MGM,10.4,0.0242,"JP,DE",2023-03-03,2023-10-22,250000,0.0182,750.0
C0981,Song_681,Indie Label,8.7,0.0142,"JP,DE",2023-02-28,2024-05-28,50000,0.0096,500.0
C0982,Song_682,Universal,10.5,0.0288,"US,CA,UK",2023-04-30,2023-11-15,250000,0.0233,750.0
C0983,Song_683,Lionsgate,10.0,0.0498,"IN,JP,DE",2023-03-06,2024-07-09,50000,0.0334,500.0
C0984,Song_684,Lionsgate,12.5,0.0476,"UK,FR,AU",2023-03-28,2024-06-01,50000,0.0316,500.0
C0985,Song_685,Warner Bros,17.3,0.0557,"IN,JP,DE",2023-11-14,2025-03-04,100000,0.0332,500.0
C0986,Song_686,Disney,13.9,0.0799,"UK,FR,AU",2023-05-09,2024-11-28,250000,0.0621,500.0
C0987,Song_687,Indie Label,15.0,0.0494,"US,CA",2023-03-24,2025-03-19,50000,0.0312,750.0
C0988,Song_688,Netflix Originals,16.8,0.0248,"UK,FR,AU",2023-05-24,2025-02-04,100000,0.017,750.0
C0989,Song_689,Netflix Originals,11.4,0.0291,"IN,BR",2023-12-29,2025-10-02,100000,0.0212,750.0
C0990,Song_690,A24,8.0,0.0553,"IN,BR",2023-01-09,2023-11-21,50000,0.0304,750.0
C0991,Song_691,Universal,13.4,0.0634,US,2023-07-31,2025-06-10,250000,0.0441,500.0
C0992,Song_692,MGM,11.6,0.078,"US,CA,UK",2023-03-05,2024-08-27,50000,0.0508,750.0
C0993,Song_693,Warner Bros,10.2,0.0359,"US,CA",2023-03-05,2024-12-17,50000,0.0216,500.0
C0994,Song_694,Paramount,16.1,0.0234,"US,CA,UK",2023-12-30,2025-06-28,50000,0.018,200.0
C0995,Song_695,MGM,10.1,0.0297,"JP,DE",2023-07-05,2024-02-07,50000,0.0236,750.0
C0996,Song_696,Lionsgate,9.9,0.0498,"JP,DE",2023-02-26,2024-06-04,250000,0.034,750.0
C0997,Song_697,Universal,9.3,0.0146,"US,CA,UK",2023-12-16,2024-12-09,250000,0.0085,200.0
C0998,Song_698,Lionsgate,14.1,0.0693,"UK,FR,AU",2023-05-21,2024-05-31,250000,0.0385,750.0
C0999,Song_699,Warner Bros,16.5,0.0549,"JP,DE",2023-01-02,2024-09-10,100000,0.0442,500.0
C1000,Song_700,A24,11.6,0.0185,"IN,JP,DE",2023-07-28,2024-10-30,50000,0.0128,750.0
