payment_id,contract_id,content_id,amount_paid,payment_date
PMT00001,C0001,Movie_001,750.0,2024-03-03
PMT00002,C0002,Movie_002,750.0,2024-08-30
PMT00003,C0003,Movie_003,750.0,2024-01-25
PMT00004,C0004,Movie_004,200.0,2024-05-29
PMT00005,C0005,Movie_005,200.0,2024-08-18
PMT00006,C0006,Movie_006,200.0,2024-07-12
PMT00007,C0007,Movie_007,200.0,2024-08-01
PMT00008,C0008,Movie_008,500.0,2024-04-25
PMT00009,C0009,Movie_009,500.0,2024-07-14
PMT00010,C0010,Movie_010,500.0,2024-08-23
PMT00011,C0011,Movie_011,750.0,2024-06-08
PMT00012,C0012,Movie_012,200.0,2024-09-14
PMT00013,C0013,Movie_013,289.61,2024-04-13
PMT00014,C0014,Movie_014,750.0,2024-07-02
PMT00015,C0015,Movie_015,750.0,2024-08-25
PMT00016,C0016,Movie_016,750.0,2024-05-19
PMT00017,C0017,Movie_017,500.0,2024-02-17
PMT00018,C0018,Movie_018,750.0,2024-09-22
PMT00019,C0019,Movie_019,750.0,2024-01-02
PMT00020,C0020,Movie_020,750.0,2024-04-11
PMT00021,C0021,Movie_021,500.0,2024-04-08
PMT00022,C0022,Movie_022,200.0,2024-07-03
PMT00023,C0023,Movie_023,500.0,2024-07-11
PMT00024,C0024,Movie_024,500.0,2024-04-26
PMT00025,C0025,Movie_025,750.0,2024-05-14
PMT00026,C0026,Movie_026,831.79,2024-01-09
PMT00027,C0027,Movie_027,200.0,2024-04-01
PMT00028,C0028,Movie_028,500.0,2024-02-06
PMT00029,C0029,Movie_029,500.0,2024-04-24
PMT00030,C0030,Movie_030,200.0,2024-05-04
PMT00031,C0031,Movie_031,200.0,2024-01-22
PMT00032,C0032,Movie_032,200.0,2024-05-11
PMT00033,C0033,Movie_033,500.0,2024-07-25
PMT00034,C0034,Movie_034,200.0,2024-05-14
PMT00035,C0035,Movie_035,200.0,2024-09-09
PMT00036,C0036,Movie_036,750.0,2024-04-01
PMT00037,C0037,Movie_037,750.0,2024-02-24
PMT00038,C0038,Movie_038,500.0,2024-07-05
PMT00039,C0039,Movie_039,200.0,2024-07-27
PMT00040,C0040,Movie_040,750.0,2024-07-09
PMT00041,C0041,Movie_041,750.0,2024-04-19
PMT00042,C0042,Movie_042,750.0,2024-02-17
PMT00043,C0043,Movie_043,200.0,2024-01-17
PMT00044,C0044,Movie_044,750.0,2024-03-27
PMT00045,C0045,Movie_045,-528.99,2024-05-09
PMT00046,C0046,Movie_046,200.0,2024-02-24
PMT00047,C0047,Movie_047,500.0,2024-01-08
PMT00048,C0048,Movie_048,200.0,2024-03-23
PMT00049,C0049,Movie_049,109.46,2024-05-08
PMT00050,C0050,Movie_050,750.0,2024-01-06
PMT00051,C0051,Movie_051,200.0,2024-02-18
PMT00052,C0052,Movie_052,200.0,2024-08-22
PMT00053,C0053,Movie_053,750.0,2024-01-23
PMT00054,C0054,Movie_054,-329.22,2024-07-08
PMT00055,C0055,Movie_055,750.0,2024-03-14
PMT00056,C0056,Movie_056,200.0,2024-05-07
PMT00057,C0057,Movie_057,750.0,2024-05-01
PMT00058,C0058,Movie_058,500.0,2024-06-30
PMT00059,C0059,Movie_059,750.0,2024-03-15
PMT00060,C0060,Movie_060,500.0,2024-01-05
PMT00061,C0061,Movie_061,750.0,2024-03-18
PMT00062,C0062,Movie_062,500.0,2024-01-24
PMT00063,C0063,Movie_063,500.0,2024-01-19
PMT00064,C0064,Movie_064,750.0,2024-08-02
PMT00065,C0065,Movie_065,750.0,2024-07-14
PMT00066,C0066,Movie_066,750.0,2024-04-06
PMT00067,C0067,Movie_067,750.0,2024-07-10
PMT00068,C0068,Movie_068,500.0,2024-04-12
PMT00069,C0069,Movie_069,500.0,2024-09-14
PMT00070,C0070,Movie_070,750.0,2024-08-19
PMT00071,C0071,Movie_071,750.0,2024-05-02
PMT00072,C0072,Movie_072,750.0,2024-02-07
PMT00073,C0073,Movie_073,750.0,2024-07-12
PMT00074,C0074,Movie_074,750.0,2024-05-28
PMT00075,C0075,Movie_075,500.0,2024-05-19
PMT00076,C0076,Movie_076,200.0,2024-08-08
PMT00077,C0077,Movie_077,951.57,2024-02-01
PMT00078,C0078,Movie_078,750.0,2024-03-24
PMT00079,C0079,Movie_079,500.0,2024-07-24
PMT00080,C0080,Movie_080,200.0,2024-02-09
PMT00081,C0081,Movie_081,500.0,2024-02-13
PMT00082,C0082,Movie_082,500.0,2024-02-08
PMT00083,C0083,Movie_083,500.0,2024-03-02
PMT00084,C0084,Movie_084,750.0,2024-07-11
PMT00085,C0085,Movie_085,245.43,2024-05-30
PMT00086,C0086,Movie_086,200.0,2024-03-13
PMT00087,C0087,Movie_087,200.0,2024-05-02
PMT00088,C0088,Movie_088,-1322.47,2024-03-13
PMT00089,C0089,Movie_089,500.0,2024-06-01
PMT00090,C0090,Movie_090,750.0,2024-07-16
PMT00091,C0091,Movie_091,200.0,2024-03-03
PMT00092,C0092,Movie_092,750.0,2024-06-03
PMT00093,C0093,Movie_093,500.0,2024-02-02
PMT00094,C0094,Movie_094,750.0,2024-05-13
PMT00095,C0095,Movie_095,200.0,2024-04-26
PMT00096,C0096,Movie_096,750.0,2024-01-13
PMT00097,C0097,Movie_097,117.33,2024-01-24
PMT00098,C0098,Movie_098,750.0,2024-03-04
PMT00099,C0099,Movie_099,200.0,2024-08-25
PMT00100,C0100,Movie_100,200.0,2024-02-29
PMT00101,C0101,Movie_101,200.0,2024-06-29
PMT00102,C0102,Movie_102,750.0,2024-09-02
PMT00103,C0103,Movie_103,750.0,2024-06-25
PMT00104,C0104,Movie_104,500.0,2024-01-03
PMT00105,C0105,Movie_105,200.0,2024-05-06
PMT00106,C0106,Movie_106,500.0,2024-03-31
PMT00107,C0107,Movie_107,200.0,2024-05-15
PMT00108,C0108,Movie_108,555.4,2024-06-14
PMT00109,C0109,Movie_109,750.0,2024-05-28
PMT00110,C0110,Movie_110,500.0,2024-04-12
PMT00111,C0111,Movie_111,500.0,2024-09-21
PMT00112,C0112,Movie_112,200.0,2024-08-03
PMT00113,C0113,Movie_113,200.0,2024-04-01
PMT00114,C0114,Movie_114,152.82,2024-06-19
PMT00115,C0115,Movie_115,750.0,2024-07-29
PMT00116,C0116,Movie_116,200.0,2024-02-10
PMT00117,C0117,Movie_117,500.0,2024-09-13
PMT00118,C0118,Movie_118,200.0,2024-02-27
PMT00119,C0119,Movie_119,750.0,2024-05-03
PMT00120,C0120,Movie_120,750.0,2024-07-19
PMT00121,C0121,Movie_121,750.0,2024-09-11
PMT00122,C0122,Movie_122,750.0,2024-06-21
PMT00123,C0123,Movie_123,750.0,2024-01-18
PMT00124,C0124,Movie_124,200.0,2024-03-17
PMT00125,C0125,Movie_125,750.0,2024-02-07
PMT00126,C0126,Movie_126,500.0,2024-01-11
PMT00127,C0127,Movie_127,200.0,2024-06-10
PMT00128,C0128,Movie_128,200.0,2024-04-08
PMT00129,C0129,Movie_129,200.0,2024-05-22
PMT00130,C0130,Movie_130,-555.72,2024-01-27
PMT00131,C0131,Movie_131,200.0,2024-04-01
PMT00132,C0132,Movie_132,221.84,2024-01-15
PMT00133,C0133,Movie_133,750.0,2024-03-03
PMT00134,C0134,Movie_134,750.0,2024-09-18
PMT00135,C0135,Movie_135,200.0,2024-01-03
PMT00136,C0136,Movie_136,200.0,2024-01-08
PMT00137,C0137,Movie_137,200.0,2024-01-08
PMT00138,C0138,Movie_138,750.0,2024-01-22
PMT00139,C0139,Movie_139,200.0,2024-04-23
PMT00140,C0140,Movie_140,500.0,2024-06-25
PMT00141,C0141,Movie_141,750.0,2024-06-04
PMT00142,C0142,Movie_142,55.41,2024-01-15
PMT00143,C0143,Movie_143,500.0,2024-07-09
PMT00144,C0144,Movie_144,500.0,2024-06-24
PMT00145,C0145,Movie_145,750.0,2024-08-01
PMT00146,C0146,Movie_146,500.0,2024-02-07
PMT00147,C0147,Movie_147,500.0,2024-08-18
PMT00148,C0148,Movie_148,200.0,2024-06-07
PMT00149,C0149,Movie_149,200.0,2024-05-17
PMT00150,C0150,Movie_150,200.0,2024-04-26
PMT00151,C0151,Movie_151,750.0,2024-09-03
PMT00152,C0152,Movie_152,750.0,2024-02-26
PMT00153,C0153,Movie_153,200.0,2024-01-22
PMT00154,C0154,Movie_154,200.0,2024-03-05
PMT00155,C0155,Movie_155,200.0,2024-06-02
PMT00156,C0156,Movie_156,22.84,2024-03-11
PMT00157,C0157,Movie_157,500.0,2024-04-17
PMT00158,C0158,Movie_158,500.0,2024-03-05
PMT00159,C0159,Movie_159,200.0,2024-08-11
PMT00160,C0160,Movie_160,200.0,2024-01-03
PMT00161,C0161,Movie_161,750.0,2024-04-23
PMT00162,C0162,Movie_162,500.0,2024-01-06
PMT00163,C0163,Movie_163,750.0,2024-02-04
PMT00164,C0164,Movie_164,200.0,2024-01-19
PMT00165,C0165,Movie_165,500.0,2024-01-26
PMT00166,C0166,Movie_166,500.0,2024-02-12
PMT00167,C0167,Movie_167,500.0,2024-09-03
PMT00168,C0168,Movie_168,750.0,2024-04-15
PMT00169,C0169,Movie_169,750.0,2024-03-19
PMT00170,C0170,Movie_170,750.0,2024-06-30
PMT00171,C0171,Movie_171,750.0,2024-09-05
PMT00172,C0172,Movie_172,200.0,2024-04-24
PMT00173,C0173,Movie_173,750.0,2024-06-07
PMT00174,C0174,Movie_174,750.0,2024-05-03
PMT00175,C0175,Movie_175,750.0,2024-09-14
PMT00176,C0176,Movie_176,500.0,2024-05-03
PMT00177,C0177,Movie_177,500.0,2024-04-22
PMT00178,C0178,Movie_178,6.67,2024-03-28
PMT00179,C0179,Movie_179,750.0,2024-04-29
PMT00180,C0180,Movie_180,750.0,2024-03-03
PMT00181,C0181,Movie_181,194.88,2024-06-25
PMT00182,C0182,Movie_182,500.0,2024-07-17
PMT00183,C0183,Movie_183,200.0,2024-04-18
PMT00184,C0184,Movie_184,200.0,2024-03-28
PMT00185,C0185,Movie_185,200.0,2024-02-07
PMT00186,C0186,Movie_186,500.0,2024-04-25
PMT00187,C0187,Movie_187,500.0,2024-07-09
PMT00188,C0188,Movie_188,750.0,2024-01-22
PMT00189,C0189,Movie_189,200.0,2024-04-07
PMT00190,C0190,Movie_190,200.0,2024-01-14
PMT00191,C0191,Movie_191,750.0,2024-05-17
PMT00192,C0192,Movie_192,750.0,2024-04-12
PMT00193,C0193,Movie_193,750.0,2024-06-27
PMT00194,C0194,Movie_194,500.0,2024-02-07
PMT00195,C0195,Movie_195,500.0,2024-01-01
PMT00196,C0196,Movie_196,500.0,2024-01-05
PMT00197,C0197,Movie_197,200.0,2024-05-13
PMT00198,C0198,Movie_198,500.0,2024-04-19
PMT00199,C0199,Movie_199,500.0,2024-09-18
PMT00200,C0200,Movie_200,599.57,2024-02-20
PMT00201,C0201,Movie_201,500.0,2024-03-12
PMT00202,C0202,Movie_202,750.0,2024-07-28
PMT00203,C0203,Movie_203,500.0,2024-06-12
PMT00204,C0204,Movie_204,200.0,2024-09-12
PMT00205,C0205,Movie_205,200.0,2024-03-06
PMT00206,C0206,Movie_206,500.0,2024-07-11
PMT00207,C0207,Movie_207,750.0,2024-03-19
PMT00208,C0208,Movie_208,200.0,2024-04-18
PMT00209,C0209,Movie_209,296.1,2024-03-31
PMT00210,C0210,Movie_210,750.0,2024-05-27
PMT00211,C0211,Movie_211,200.0,2024-03-31
PMT00212,C0212,Movie_212,200.0,2024-04-17
PMT00213,C0213,Movie_213,750.0,2024-06-17
PMT00214,C0214,Movie_214,750.0,2024-06-02
PMT00215,C0215,Movie_215,200.0,2024-05-21
PMT00216,C0216,Movie_216,500.0,2024-06-08
PMT00217,C0217,Movie_217,750.0,2024-04-22
PMT00218,C0218,Movie_218,750.0,2024-08-22
PMT00219,C0219,Movie_219,750.0,2024-04-22
PMT00220,C0220,Movie_220,750.0,2024-06-19
PMT00221,C0221,Movie_221,750.0,2024-01-22
PMT00222,C0222,Movie_222,750.0,2024-04-26
PMT00223,C0223,Movie_223,500.0,2024-02-05
PMT00224,C0224,Movie_224,500.0,2024-08-06
PMT00225,C0225,Movie_225,-1983.71,2024-04-22
PMT00226,C0226,Movie_226,200.0,2024-03-08
PMT00227,C0227,Movie_227,200.0,2024-08-24
PMT00228,C0228,Movie_228,750.0,2024-02-12
PMT00229,C0229,Movie_229,500.0,2024-03-11
PMT00230,C0230,Movie_230,750.0,2024-03-27
PMT00231,C0231,Movie_231,750.0,2024-06-11
PMT00232,C0232,Movie_232,500.0,2024-01-27
PMT00233,C0233,Movie_233,750.0,2024-09-11
PMT00234,C0234,Movie_234,750.0,2024-06-14
PMT00235,C0235,Movie_235,200.0,2024-01-01
PMT00236,C0236,Movie_236,200.0,2024-01-02
PMT00237,C0237,Movie_237,200.0,2024-01-27
PMT00238,C0238,Movie_238,-165.51,2024-06-11
PMT00239,C0239,Movie_239,500.0,2024-06-05
PMT00240,C0240,Movie_240,200.0,2024-05-30
PMT00241,C0241,Movie_241,500.0,2024-03-08
PMT00242,C0242,Movie_242,631.86,2024-09-27
PMT00243,C0243,Movie_243,200.0,2024-06-15
PMT00244,C0244,Movie_244,750.0,2024-02-22
PMT00245,C0245,Movie_245,500.0,2024-04-26
PMT00246,C0246,Movie_246,500.0,2024-09-21
PMT00247,C0247,Movie_247,200.0,2024-09-04
PMT00248,C0248,Movie_248,500.0,2024-05-27
PMT00249,C0249,Movie_249,500.0,2024-08-01
PMT00250,C0250,Movie_250,750.0,2024-04-07
PMT00251,C0251,Movie_251,200.0,2024-08-23
PMT00252,C0252,Movie_252,750.0,2024-08-24
PMT00253,C0253,Movie_253,500.0,2024-09-12
PMT00254,C0254,Movie_254,500.0,2024-01-09
PMT00255,C0255,Movie_255,200.0,2024-02-28
PMT00256,C0256,Movie_256,500.0,2024-04-27
PMT00257,C0257,Movie_257,200.0,2024-06-23
PMT00258,C0258,Movie_258,500.0,2024-07-24
PMT00259,C0259,Movie_259,750.0,2024-04-15
PMT00260,C0260,Movie_260,200.0,2024-08-31
PMT00261,C0261,Movie_261,35.96,2024-08-27
PMT00262,C0262,Movie_262,141.78,2024-07-25
PMT00263,C0263,Movie_263,633.28,2024-08-08
PMT00264,C0264,Movie_264,200.0,2024-07-10
PMT00265,C0265,Movie_265,750.0,2024-05-31
PMT00266,C0266,Movie_266,750.0,2024-08-22
PMT00267,C0267,Movie_267,750.0,2024-05-25
PMT00268,C0268,Movie_268,500.0,2024-02-23
PMT00269,C0269,Movie_269,200.0,2024-07-09
PMT00270,C0270,Movie_270,200.0,2024-04-07
PMT00271,C0271,Movie_271,500.0,2024-06-13
PMT00272,C0272,Movie_272,200.0,2024-08-21
PMT00273,C0273,Movie_273,750.0,2024-05-30
PMT00274,C0274,Movie_274,750.0,2024-06-10
PMT00275,C0275,Movie_275,750.0,2024-08-22
PMT00276,C0276,Movie_276,-143.0,2024-05-12
PMT00277,C0277,Movie_277,750.0,2024-03-29
PMT00278,C0278,Movie_278,200.0,2024-02-06
PMT00279,C0279,Movie_279,200.0,2024-08-13
PMT00280,C0280,Movie_280,200.0,2024-07-17
PMT00281,C0281,Movie_281,750.0,2024-05-21
PMT00282,C0282,Movie_282,500.0,2024-02-13
PMT00283,C0283,Movie_283,200.0,2024-08-29
PMT00284,C0284,Movie_284,500.0,2024-09-01
PMT00285,C0285,Movie_285,750.0,2024-01-24
PMT00286,C0286,Movie_286,500.0,2024-06-16
PMT00287,C0287,Movie_287,750.0,2024-04-05
PMT00288,C0288,Movie_288,200.0,2024-09-12
PMT00289,C0289,Movie_289,500.0,2024-01-29
PMT00290,C0290,Movie_290,500.0,2024-07-28
PMT00291,C0291,Movie_291,200.0,2024-04-14
PMT00292,C0292,Movie_292,500.0,2024-08-23
PMT00293,C0293,Movie_293,200.0,2024-07-27
PMT00294,C0294,Movie_294,500.0,2024-03-27
PMT00295,C0295,Movie_295,229.75,2024-01-17
PMT00296,C0296,Movie_296,430.38,2024-08-08
PMT00297,C0297,Movie_297,500.0,2024-08-01
PMT00298,C0298,Movie_298,500.0,2024-06-08
PMT00299,C0299,Movie_299,125.24,2024-01-28
PMT00300,C0300,Movie_300,586.69,2024-08-06
PMT00301,C0301,Song_001,500.0,2024-08-02
PMT00302,C0302,Song_002,500.0,2024-03-31
PMT00303,C0303,Song_003,232.34,2024-02-27
PMT00304,C0304,Song_004,750.0,2024-05-26
PMT00305,C0305,Song_005,200.0,2024-03-27
PMT00306,C0306,Song_006,200.0,2024-08-03
PMT00307,C0307,Song_007,750.0,2024-02-15
PMT00308,C0308,Song_008,750.0,2024-09-04
PMT00309,C0309,Song_009,750.0,2024-02-26
PMT00310,C0310,Song_010,750.0,2024-02-29
PMT00311,C0311,Song_011,200.0,2024-08-07
PMT00312,C0312,Song_012,500.0,2024-05-25
PMT00313,C0313,Song_013,750.0,2024-03-04
PMT00314,C0314,Song_014,500.0,2024-05-12
PMT00315,C0315,Song_015,750.0,2024-05-16
PMT00316,C0316,Song_016,200.0,2024-07-27
PMT00317,C0317,Song_017,500.0,2024-08-27
PMT00318,C0318,Song_018,500.0,2024-05-05
PMT00319,C0319,Song_019,200.0,2024-07-29
PMT00320,C0320,Song_020,-43.1,2024-09-08
PMT00321,C0321,Song_021,750.0,2024-04-27
PMT00322,C0322,Song_022,500.0,2024-04-14
PMT00323,C0323,Song_023,123.62,2024-05-18
PMT00324,C0324,Song_024,500.0,2024-08-22
PMT00325,C0325,Song_025,200.0,2024-03-24
PMT00326,C0326,Song_026,500.0,2024-01-07
PMT00327,C0327,Song_027,500.0,2024-01-01
PMT00328,C0328,Song_028,500.0,2024-07-26
PMT00329,C0329,Song_029,500.0,2024-01-05
PMT00330,C0330,Song_030,750.0,2024-02-21
PMT00331,C0331,Song_031,750.0,2024-02-26
PMT00332,C0332,Song_032,200.0,2024-04-23
PMT00333,C0333,Song_033,750.0,2024-08-24
PMT00334,C0334,Song_034,750.0,2024-02-23
PMT00335,C0335,Song_035,240.65,2024-08-12
PMT00336,C0336,Song_036,200.0,2024-09-27
PMT00337,C0337,Song_037,200.0,2024-01-11
PMT00338,C0338,Song_038,750.0,2024-09-10
PMT00339,C0339,Song_039,200.0,2024-03-11
PMT00340,C0340,Song_040,750.0,2024-08-02
PMT00341,C0341,Song_041,750.0,2024-04-19
PMT00342,C0342,Song_042,500.0,2024-08-22
PMT00343,C0343,Song_043,500.0,2024-03-22
PMT00344,C0344,Song_044,200.0,2024-04-12
PMT00345,C0345,Song_045,200.0,2024-08-05
PMT00346,C0346,Song_046,200.0,2024-04-10
PMT00347,C0347,Song_047,200.0,2024-03-29
PMT00348,C0348,Song_048,750.0,2024-05-17
PMT00349,C0349,Song_049,200.0,2024-05-23
PMT00350,C0350,Song_050,200.0,2024-02-17
PMT00351,C0351,Song_051,200.0,2024-06-25
PMT00352,C0352,Song_052,123.4,2024-02-18
PMT00353,C0353,Song_053,200.0,2024-06-12
PMT00354,C0354,Song_054,200.0,2024-03-12
PMT00355,C0355,Song_055,750.0,2024-04-10
PMT00356,C0356,Song_056,200.0,2024-08-04
PMT00357,C0357,Song_057,500.0,2024-03-27
PMT00358,C0358,Song_058,200.0,2024-01-14
PMT00359,C0359,Song_059,750.0,2024-04-17
PMT00360,C0360,Song_060,750.0,2024-02-09
PMT00361,C0361,Song_061,750.0,2024-04-16
PMT00362,C0362,Song_062,500.0,2024-07-21
PMT00363,C0363,Song_063,200.0,2024-05-01
PMT00364,C0364,Song_064,500.0,2024-05-26
PMT00365,C0365,Song_065,500.0,2024-01-19
PMT00366,C0366,Song_066,500.0,2024-01-01
PMT00367,C0367,Song_067,750.0,2024-04-08
PMT00368,C0368,Song_068,500.0,2024-06-09
PMT00369,C0369,Song_069,880.86,2024-02-28
PMT00370,C0370,Song_070,750.0,2024-08-09
PMT00371,C0371,Song_071,88.3,2024-03-14
PMT00372,C0372,Song_072,500.0,2024-03-11
PMT00373,C0373,Song_073,248.29,2024-02-27
PMT00374,C0374,Song_074,750.0,2024-01-24
PMT00375,C0375,Song_075,500.0,2024-04-13
PMT00376,C0376,Song_076,750.0,2024-01-15
PMT00377,C0377,Song_077,551.68,2024-05-27
PMT00378,C0378,Song_078,200.0,2024-04-20
PMT00379,C0379,Song_079,750.0,2024-02-01
PMT00380,C0380,Song_080,200.0,2024-09-01
PMT00381,C0381,Song_081,500.0,2024-05-10
PMT00382,C0382,Song_082,750.0,2024-03-16
PMT00383,C0383,Song_083,750.0,2024-08-29
PMT00384,C0384,Song_084,200.0,2024-01-31
PMT00385,C0385,Song_085,200.0,2024-03-14
PMT00386,C0386,Song_086,200.0,2024-08-01
PMT00387,C0387,Song_087,200.0,2024-07-13
PMT00388,C0388,Song_088,750.0,2024-08-09
PMT00389,C0389,Song_089,200.0,2024-05-20
PMT00390,C0390,Song_090,500.0,2024-05-30
PMT00391,C0391,Song_091,200.0,2024-01-25
PMT00392,C0392,Song_092,500.0,2024-04-03
PMT00393,C0393,Song_093,200.0,2024-01-12
PMT00394,C0394,Song_094,28.0,2024-06-08
PMT00395,C0395,Song_095,750.0,2024-07-17
PMT00396,C0396,Song_096,500.0,2024-09-05
PMT00397,C0397,Song_097,200.0,2024-04-07
PMT00398,C0398,Song_098,750.0,2024-09-08
PMT00399,C0399,Song_099,500.0,2024-08-24
PMT00400,C0400,Song_100,500.0,2024-03-28
PMT00401,C0401,Song_101,750.0,2024-08-26
PMT00402,C0402,Song_102,500.0,2024-03-06
PMT00403,C0403,Song_103,200.0,2024-06-06
PMT00404,C0404,Song_104,500.0,2024-07-17
PMT00405,C0405,Song_105,200.0,2024-04-10
PMT00406,C0406,Song_106,750.0,2024-06-24
PMT00407,C0407,Song_107,750.0,2024-06-19
PMT00408,C0408,Song_108,500.0,2024-02-19
PMT00409,C0409,Song_109,200.0,2024-06-08
PMT00410,C0410,Song_110,200.0,2024-06-06
PMT00411,C0411,Song_111,500.0,2024-03-24
PMT00412,C0412,Song_112,500.0,2024-08-27
PMT00413,C0413,Song_113,500.0,2024-02-12
PMT00414,C0414,Song_114,200.0,2024-04-15
PMT00415,C0415,Song_115,200.0,2024-09-03
PMT00416,C0416,Song_116,500.0,2024-07-12
PMT00417,C0417,Song_117,500.0,2024-08-05
PMT00418,C0418,Song_118,200.0,2024-07-27
PMT00419,C0419,Song_119,200.0,2024-05-01
PMT00420,C0420,Song_120,750.0,2024-05-31
PMT00421,C0421,Song_121,750.0,2024-04-24
PMT00422,C0422,Song_122,-79.2,2024-04-28
PMT00423,C0423,Song_123,200.0,2024-08-19
PMT00424,C0424,Song_124,500.0,2024-02-27
PMT00425,C0425,Song_125,750.0,2024-05-15
PMT00426,C0426,Song_126,200.0,2024-01-13
PMT00427,C0427,Song_127,500.0,2024-05-07
PMT00428,C0428,Song_128,750.0,2024-04-30
PMT00429,C0429,Song_129,500.0,2024-08-16
PMT00430,C0430,Song_130,856.51,2024-01-23
PMT00431,C0431,Song_131,750.0,2024-01-13
PMT00432,C0432,Song_132,500.0,2024-07-09
PMT00433,C0433,Song_133,750.0,2024-05-13
PMT00434,C0434,Song_134,200.0,2024-09-05
PMT00435,C0435,Song_135,750.0,2024-02-25
PMT00436,C0436,Song_136,500.0,2024-04-02
PMT00437,C0437,Song_137,200.0,2024-06-28
PMT00438,C0438,Song_138,254.09,2024-02-18
PMT00439,C0439,Song_139,750.0,2024-06-04
PMT00440,C0440,Song_140,500.0,2024-06-04
PMT00441,C0441,Song_141,500.0,2024-03-21
PMT00442,C0442,Song_142,750.0,2024-05-24
PMT00443,C0443,Song_143,200.0,2024-07-29
PMT00444,C0444,Song_144,500.0,2024-06-29
PMT00445,C0445,Song_145,750.0,2024-01-26
PMT00446,C0446,Song_146,750.0,2024-06-21
PMT00447,C0447,Song_147,200.0,2024-07-18
PMT00448,C0448,Song_148,500.0,2024-08-15
PMT00449,C0449,Song_149,750.0,2024-08-04
PMT00450,C0450,Song_150,200.0,2024-09-02
PMT00451,C0451,Song_151,200.0,2024-01-22
PMT00452,C0452,Song_152,200.0,2024-03-25
PMT00453,C0453,Song_153,200.0,2024-03-20
PMT00454,C0454,Song_154,97.58,2024-01-15
PMT00455,C0455,Song_155,238.94,2024-09-20
PMT00456,C0456,Song_156,750.0,2024-08-03
PMT00457,C0457,Song_157,750.0,2024-04-14
PMT00458,C0458,Song_158,500.0,2024-02-23
PMT00459,C0459,Song_159,750.0,2024-02-10
PMT00460,C0460,Song_160,500.0,2024-04-07
PMT00461,C0461,Song_161,200.0,2024-02-02
PMT00462,C0462,Song_162,200.0,2024-07-30
PMT00463,C0463,Song_163,963.68,2024-07-15
PMT00464,C0464,Song_164,500.0,2024-07-24
PMT00465,C0465,Song_165,500.0,2024-03-15
PMT00466,C0466,Song_166,200.0,2024-03-07
PMT00467,C0467,Song_167,200.0,2024-08-01
PMT00468,C0468,Song_168,200.0,2024-02-19
PMT00469,C0469,Song_169,200.0,2024-09-07
PMT00470,C0470,Song_170,750.0,2024-05-07
PMT00471,C0471,Song_171,500.0,2024-05-10
PMT00472,C0472,Song_172,750.0,2024-01-13
PMT00473,C0473,Song_173,-1983.71,2024-03-02
PMT00474,C0474,Song_174,227.3,2024-02-06
PMT00475,C0475,Song_175,750.0,2024-02-04
PMT00476,C0476,Song_176,750.0,2024-02-12
PMT00477,C0477,Song_177,119.83,2024-09-04
PMT00478,C0478,Song_178,200.0,2024-06-22
PMT00479,C0479,Song_179,750.0,2024-05-08
PMT00480,C0480,Song_180,500.0,2024-05-01
PMT00481,C0481,Song_181,750.0,2024-06-10
PMT00482,C0482,Song_182,200.0,2024-07-15
PMT00483,C0483,Song_183,500.0,2024-04-15
PMT00484,C0484,Song_184,500.0,2024-04-05
PMT00485,C0485,Song_185,750.0,2024-07-04
PMT00486,C0486,Song_186,200.0,2024-02-03
PMT00487,C0487,Song_187,-1322.47,2024-06-04
PMT00488,C0488,Song_188,500.0,2024-04-23
PMT00489,C0489,Song_189,750.0,2024-02-21
PMT00490,C0490,Song_190,500.0,2024-02-01
PMT00491,C0491,Song_191,200.0,2024-04-09
PMT00492,C0492,Song_192,855.89,2024-06-05
PMT00493,C0493,Song_193,750.0,2024-07-07
PMT00494,C0494,Song_194,500.0,2024-03-28
PMT00495,C0495,Song_195,200.0,2024-02-14
PMT00496,C0496,Song_196,500.0,2024-08-01
PMT00497,C0497,Song_197,200.0,2024-07-19
PMT00498,C0498,Song_198,750.0,2024-06-08
PMT00499,C0499,Song_199,500.0,2024-02-01
PMT00500,C0500,Song_200,200.0,2024-04-11
PMT00501,C0501,Song_201,200.0,2024-02-17
PMT00502,C0502,Song_202,500.0,2024-03-08
PMT00503,C0503,Song_203,500.0,2024-02-27
PMT00504,C0504,Song_204,750.0,2024-09-19
PMT00505,C0505,Song_205,500.0,2024-04-30
PMT00506,C0506,Song_206,500.0,2024-01-11
PMT00507,C0507,Song_207,750.0,2024-09-14
PMT00508,C0508,Song_208,750.0,2024-08-21
PMT00509,C0509,Song_209,750.0,2024-05-20
PMT00510,C0510,Song_210,500.0,2024-06-15
PMT00511,C0511,Song_211,750.0,2024-05-06
PMT00512,C0512,Song_212,200.0,2024-01-21
PMT00513,C0513,Song_213,500.0,2024-08-19
PMT00514,C0514,Song_214,625.77,2024-09-03
PMT00515,C0515,Song_215,289.21,2024-01-23
PMT00516,C0516,Song_216,200.0,2024-02-03
PMT00517,C0517,Song_217,200.0,2024-02-26
PMT00518,C0518,Song_218,200.0,2024-05-06
PMT00519,C0519,Song_219,200.0,2024-08-04
PMT00520,C0520,Song_220,750.0,2024-06-15
PMT00521,C0521,Song_221,750.0,2024-06-21
PMT00522,C0522,Song_222,500.0,2024-07-21
PMT00523,C0523,Song_223,500.0,2024-04-12
PMT00524,C0524,Song_224,500.0,2024-03-08
PMT00525,C0525,Song_225,500.0,2024-06-15
PMT00526,C0526,Song_226,500.0,2024-07-13
PMT00527,C0527,Song_227,500.0,2024-08-26
PMT00528,C0528,Song_228,750.0,2024-08-23
PMT00529,C0529,Song_229,750.0,2024-06-11
PMT00530,C0530,Song_230,500.0,2024-01-16
PMT00531,C0531,Song_231,200.0,2024-01-26
PMT00532,C0532,Song_232,750.0,2024-09-15
PMT00533,C0533,Song_233,750.0,2024-08-12
PMT00534,C0534,Song_234,200.0,2024-05-20
PMT00535,C0535,Song_235,-229.52,2024-05-22
PMT00536,C0536,Song_236,750.0,2024-09-20
PMT00537,C0537,Song_237,750.0,2024-01-21
PMT00538,C0538,Song_238,318.91,2024-09-23
PMT00539,C0539,Song_239,200.0,2024-01-25
PMT00540,C0540,Song_240,750.0,2024-07-02
PMT00541,C0541,Song_241,200.0,2024-03-28
PMT00542,C0542,Song_242,307.88,2024-06-08
PMT00543,C0543,Song_243,750.0,2024-04-15
PMT00544,C0544,Song_244,200.0,2024-01-10
PMT00545,C0545,Song_245,500.0,2024-06-17
PMT00546,C0546,Song_246,200.0,2024-09-02
PMT00547,C0547,Song_247,200.0,2024-01-08
PMT00548,C0548,Song_248,200.0,2024-01-18
PMT00549,C0549,Song_249,200.0,2024-01-15
PMT00550,C0550,Song_250,750.0,2024-07-12
PMT00551,C0551,Song_251,500.0,2024-05-27
PMT00552,C0552,Song_252,750.0,2024-09-23
PMT00553,C0553,Song_253,750.0,2024-01-05
PMT00554,C0554,Song_254,500.0,2024-09-19
PMT00555,C0555,Song_255,500.0,2024-07-14
PMT00556,C0556,Song_256,200.0,2024-03-28
PMT00557,C0557,Song_257,500.0,2024-02-03
PMT00558,C0558,Song_258,500.0,2024-03-23
PMT00559,C0559,Song_259,500.0,2024-06-17
PMT00560,C0560,Song_260,750.0,2024-03-01
PMT00561,C0561,Song_261,750.0,2024-02-02
PMT00562,C0562,Song_262,242.28,2024-02-05
PMT00563,C0563,Song_263,750.0,2024-07-19
PMT00564,C0564,Song_264,500.0,2024-02-04
PMT00565,C0565,Song_265,200.0,2024-02-29
PMT00566,C0566,Song_266,500.0,2024-04-01
PMT00567,C0567,Song_267,500.0,2024-09-01
PMT00568,C0568,Song_268,500.0,2024-05-15
PMT00569,C0569,Song_269,750.0,2024-07-10
PMT00570,C0570,Song_270,500.0,2024-03-21
PMT00571,C0571,Song_271,200.0,2024-01-09
PMT00572,C0572,Song_272,200.0,2024-06-26
PMT00573,C0573,Song_273,200.0,2024-06-25
PMT00574,C0574,Song_274,-528.99,2024-04-22
PMT00575,C0575,Song_275,-1322.47,2024-09-08
PMT00576,C0576,Song_276,373.51,2024-04-05
PMT00577,C0577,Song_277,500.0,2024-09-03
PMT00578,C0578,Song_278,500.0,2024-07-10
PMT00579,C0579,Song_279,200.86,2024-02-05
PMT00580,C0580,Song_280,750.0,2024-05-14
PMT00581,C0581,Song_281,200.0,2024-06-19
PMT00582,C0582,Song_282,500.0,2024-02-28
PMT00583,C0583,Song_283,500.0,2024-02-05
PMT00584,C0584,Song_284,500.0,2024-05-01
PMT00585,C0585,Song_285,750.0,2024-08-08
PMT00586,C0586,Song_286,750.0,2024-06-29
PMT00587,C0587,Song_287,-306.08,2024-08-18
PMT00588,C0588,Song_288,-555.72,2024-08-30
PMT00589,C0589,Song_289,750.0,2024-05-27
PMT00590,C0590,Song_290,750.0,2024-08-16
PMT00591,C0591,Song_291,424.94,2024-08-08
PMT00592,C0592,Song_292,200.0,2024-08-23
PMT00593,C0593,Song_293,750.0,2024-08-07
PMT00594,C0594,Song_294,750.0,2024-08-28
PMT00595,C0595,Song_295,500.0,2024-03-21
PMT00596,C0596,Song_296,750.0,2024-02-19
PMT00597,C0597,Song_297,750.0,2024-01-31
PMT00598,C0598,Song_298,-540.23,2024-08-17
PMT00599,C0599,Song_299,750.0,2024-04-27
PMT00600,C0600,Song_300,500.0,2024-05-12
PMT00601,C0601,Song_301,500.0,2024-07-04
PMT00602,C0602,Song_302,200.0,2024-01-24
PMT00603,C0603,Song_303,200.0,2024-01-10
PMT00604,C0604,Song_304,200.0,2024-04-29
PMT00605,C0605,Song_305,500.0,2024-08-25
PMT00606,C0606,Song_306,200.0,2024-01-04
PMT00607,C0607,Song_307,750.0,2024-02-22
PMT00608,C0608,Song_308,750.0,2024-02-25
PMT00609,C0609,Song_309,200.0,2024-01-27
PMT00610,C0610,Song_310,750.0,2024-04-30
PMT00611,C0611,Song_311,200.0,2024-04-23
PMT00612,C0612,Song_312,500.0,2024-03-08
PMT00613,C0613,Song_313,200.0,2024-03-15
PMT00614,C0614,Song_314,750.0,2024-03-30
PMT00615,C0615,Song_315,500.0,2024-04-12
PMT00616,C0616,Song_316,-854.39,2024-09-02
PMT00617,C0617,Song_317,-332.07,2024-08-18
PMT00618,C0618,Song_318,200.0,2024-04-29
PMT00619,C0619,Song_319,750.0,2024-05-11
PMT00620,C0620,Song_320,500.0,2024-07-21
PMT00621,C0621,Song_321,750.0,2024-06-13
PMT00622,C0622,Song_322,200.0,2024-06-15
PMT00623,C0623,Song_323,200.0,2024-04-03
PMT00624,C0624,Song_324,500.0,2024-06-04
PMT00625,C0625,Song_325,200.0,2024-05-27
PMT00626,C0626,Song_326,750.0,2024-01-10
PMT00627,C0627,Song_327,750.0,2024-07-07
PMT00628,C0628,Song_328,750.0,2024-03-26
PMT00629,C0629,Song_329,200.0,2024-08-27
PMT00630,C0630,Song_330,608.15,2024-08-19
PMT00631,C0631,Song_331,500.0,2024-02-18
PMT00632,C0632,Song_332,500.0,2024-07-28
PMT00633,C0633,Song_333,200.0,2024-01-08
PMT00634,C0634,Song_334,-362.98,2024-01-11
PMT00635,C0635,Song_335,750.0,2024-05-06
PMT00636,C0636,Song_336,750.0,2024-07-28
PMT00637,C0637,Song_337,750.0,2024-06-03
PMT00638,C0638,Song_338,500.0,2024-03-18
PMT00639,C0639,Song_339,200.0,2024-03-08
PMT00640,C0640,Song_340,500.0,2024-01-10
PMT00641,C0641,Song_341,750.0,2024-08-27
PMT00642,C0642,Song_342,500.0,2024-09-01
PMT00643,C0643,Song_343,200.0,2024-06-30
PMT00644,C0644,Song_344,-1983.71,2024-05-08
PMT00645,C0645,Song_345,500.0,2024-02-17
PMT00646,C0646,Song_346,500.0,2024-03-08
PMT00647,C0647,Song_347,200.0,2024-02-18
PMT00648,C0648,Song_348,200.0,2024-03-08
PMT00649,C0649,Song_349,200.0,2024-09-02
PMT00650,C0650,Song_350,750.0,2024-07-29
PMT00651,C0651,Song_351,200.0,2024-02-09
PMT00652,C0652,Song_352,500.0,2024-07-02
PMT00653,C0653,Song_353,750.0,2024-04-21
PMT00654,C0654,Song_354,500.0,2024-01-11
PMT00655,C0655,Song_355,750.0,2024-08-03
PMT00656,C0656,Song_356,500.0,2024-05-15
PMT00657,C0657,Song_357,200.0,2024-09-07
PMT00658,C0658,Song_358,750.0,2024-02-27
PMT00659,C0659,Song_359,500.0,2024-01-14
PMT00660,C0660,Song_360,-10.02,2024-01-04
PMT00661,C0661,Song_361,200.0,2024-07-05
PMT00662,C0662,Song_362,750.0,2024-02-29
PMT00663,C0663,Song_363,200.0,2024-01-16
PMT00664,C0664,Song_364,200.0,2024-02-04
PMT00665,C0665,Song_365,500.0,2024-03-21
PMT00666,C0666,Song_366,200.0,2024-05-30
PMT00667,C0667,Song_367,200.0,2024-06-15
PMT00668,C0668,Song_368,500.0,2024-07-06
PMT00669,C0669,Song_369,750.0,2024-05-30
PMT00670,C0670,Song_370,750.0,2024-01-11
PMT00671,C0671,Song_371,500.0,2024-09-19
PMT00672,C0672,Song_372,167.33,2024-01-19
PMT00673,C0673,Song_373,750.0,2024-04-06
PMT00674,C0674,Song_374,200.0,2024-09-19
PMT00675,C0675,Song_375,200.0,2024-08-16
PMT00676,C0676,Song_376,750.0,2024-07-31
PMT00677,C0677,Song_377,200.0,2024-07-28
PMT00678,C0678,Song_378,500.0,2024-07-27
PMT00679,C0679,Song_379,200.0,2024-01-20
PMT00680,C0680,Song_380,750.0,2024-07-11
PMT00681,C0681,Song_381,500.0,2024-01-30
PMT00682,C0682,Song_382,750.0,2024-02-23
PMT00683,C0683,Song_383,200.0,2024-05-02
PMT00684,C0684,Song_384,500.0,2024-04-15
PMT00685,C0685,Song_385,200.0,2024-09-13
PMT00686,C0686,Song_386,247.3,2024-08-05
PMT00687,C0687,Song_387,500.0,2024-02-21
PMT00688,C0688,Song_388,750.0,2024-06-15
PMT00689,C0689,Song_389,249.22,2024-05-05
PMT00690,C0690,Song_390,750.0,2024-01-13
PMT00691,C0691,Song_391,750.0,2024-03-30
PMT00692,C0692,Song_392,750.0,2024-05-30
PMT00693,C0693,Song_393,500.0,2024-07-05
PMT00694,C0694,Song_394,500.0,2024-08-31
PMT00695,C0695,Song_395,750.0,2024-08-30
PMT00696,C0696,Song_396,200.0,2024-02-07
PMT00697,C0697,Song_397,750.0,2024-05-24
PMT00698,C0698,Song_398,500.0,2024-07-03
PMT00699,C0699,Song_399,200.0,2024-07-25
PMT00700,C0700,Song_400,750.0,2024-09-14
PMT00701,C0701,Song_401,200.0,2024-06-26
PMT00702,C0702,Song_402,750.0,2024-03-04
PMT00703,C0703,Song_403,500.0,2024-02-21
PMT00704,C0704,Song_404,750.0,2024-01-20
PMT00705,C0705,Song_405,200.0,2024-07-13
PMT00706,C0706,Song_406,200.0,2024-09-16
PMT00707,C0707,Song_407,65.36,2024-07-23
PMT00708,C0708,Song_408,200.0,2024-08-08
PMT00709,C0709,Song_409,750.0,2024-05-11
PMT00710,C0710,Song_410,750.0,2024-07-07
PMT00711,C0711,Song_411,200.0,2024-06-26
PMT00712,C0712,Song_412,552.2,2024-01-27
PMT00713,C0713,Song_413,500.0,2024-06-25
PMT00714,C0714,Song_414,200.0,2024-08-23
PMT00715,C0715,Song_415,200.0,2024-03-19
PMT00716,C0716,Song_416,750.0,2024-05-03
PMT00717,C0717,Song_417,750.0,2024-08-21
PMT00718,C0718,Song_418,200.0,2024-02-25
PMT00719,C0719,Song_419,750.0,2024-07-20
PMT00720,C0720,Song_420,750.0,2024-09-14
PMT00721,C0721,Song_421,500.0,2024-08-12
PMT00722,C0722,Song_422,500.0,2024-01-19
PMT00723,C0723,Song_423,200.0,2024-02-01
PMT00724,C0724,Song_424,200.0,2024-07-29
PMT00725,C0725,Song_425,500.0,2024-03-04
PMT00726,C0726,Song_426,750.0,2024-05-09
PMT00727,C0727,Song_427,-1983.71,2024-06-06
PMT00728,C0728,Song_428,200.0,2024-01-02
PMT00729,C0729,Song_429,500.0,2024-07-23
PMT00730,C0730,Song_430,750.0,2024-08-20
PMT00731,C0731,Song_431,750.0,2024-02-08
PMT00732,C0732,Song_432,750.0,2024-02-15
PMT00733,C0733,Song_433,500.0,2024-05-29
PMT00734,C0734,Song_434,750.0,2024-07-04
PMT00735,C0735,Song_435,500.0,2024-04-10
PMT00736,C0736,Song_436,500.0,2024-05-20
PMT00737,C0737,Song_437,750.0,2024-07-10
PMT00738,C0738,Song_438,200.0,2024-08-19
PMT00739,C0739,Song_439,500.0,2024-06-20
PMT00740,C0740,Song_440,200.0,2024-03-17
PMT00741,C0741,Song_441,750.0,2024-01-27
PMT00742,C0742,Song_442,500.0,2024-02-14
PMT00743,C0743,Song_443,750.0,2024-08-02
PMT00744,C0744,Song_444,500.0,2024-03-09
PMT00745,C0745,Song_445,-1983.71,2024-04-06
PMT00746,C0746,Song_446,200.0,2024-03-18
PMT00747,C0747,Song_447,200.0,2024-06-24
PMT00748,C0748,Song_448,200.0,2024-08-20
PMT00749,C0749,Song_449,200.0,2024-06-08
PMT00750,C0750,Song_450,500.0,2024-05-23
PMT00751,C0751,Song_451,238.97,2024-08-14
PMT00752,C0752,Song_452,200.0,2024-04-17
PMT00753,C0753,Song_453,200.0,2024-01-06
PMT00754,C0754,Song_454,200.0,2024-02-20
PMT00755,C0755,Song_455,750.0,2024-02-28
PMT00756,C0756,Song_456,500.0,2024-09-27
PMT00757,C0757,Song_457,500.0,2024-02-15
PMT00758,C0758,Song_458,500.0,2024-09-26
PMT00759,C0759,Song_459,200.0,2024-03-15
PMT00760,C0760,Song_460,200.0,2024-04-16
PMT00761,C0761,Song_461,750.0,2024-07-06
PMT00762,C0762,Song_462,750.0,2024-07-29
PMT00763,C0763,Song_463,200.0,2024-08-28
PMT00764,C0764,Song_464,750.0,2024-01-15
PMT00765,C0765,Song_465,750.0,2024-06-05
PMT00766,C0766,Song_466,500.0,2024-09-08
PMT00767,C0767,Song_467,200.0,2024-08-09
PMT00768,C0768,Song_468,750.0,2024-01-18
PMT00769,C0769,Song_469,-1983.71,2024-07-05
PMT00770,C0770,Song_470,750.0,2024-04-20
PMT00771,C0771,Song_471,200.0,2024-07-03
PMT00772,C0772,Song_472,750.0,2024-05-10
PMT00773,C0773,Song_473,200.0,2024-04-24
PMT00774,C0774,Song_474,750.0,2024-08-28
PMT00775,C0775,Song_475,500.0,2024-06-27
PMT00776,C0776,Song_476,750.0,2024-09-04
PMT00777,C0777,Song_477,500.0,2024-05-30
PMT00778,C0778,Song_478,200.0,2024-03-09
PMT00779,C0779,Song_479,500.0,2024-06-23
PMT00780,C0780,Song_480,200.0,2024-08-21
PMT00781,C0781,Song_481,500.0,2024-02-18
PMT00782,C0782,Song_482,500.0,2024-09-10
PMT00783,C0783,Song_483,750.0,2024-07-14
PMT00784,C0784,Song_484,750.0,2024-06-09
PMT00785,C0785,Song_485,750.0,2024-06-07
PMT00786,C0786,Song_486,586.31,2024-02-07
PMT00787,C0787,Song_487,200.0,2024-09-02
PMT00788,C0788,Song_488,200.0,2024-03-12
PMT00789,C0789,Song_489,500.0,2024-06-25
PMT00790,C0790,Song_490,237.34,2024-09-23
PMT00791,C0791,Song_491,750.0,2024-08-19
PMT00792,C0792,Song_492,500.0,2024-05-23
PMT00793,C0793,Song_493,750.0,2024-09-03
PMT00794,C0794,Song_494,750.0,2024-07-07
PMT00795,C0795,Song_495,750.0,2024-01-25
PMT00796,C0796,Song_496,200.0,2024-07-22
PMT00797,C0797,Song_497,750.0,2024-04-23
PMT00798,C0798,Song_498,500.0,2024-04-27
PMT00799,C0799,Song_499,750.0,2024-04-30
PMT00800,C0800,Song_500,500.0,2024-01-30
PMT00801,C0801,Song_501,750.0,2024-08-29
PMT00802,C0802,Song_502,750.0,2024-07-04
PMT00803,C0803,Song_503,200.0,2024-04-18
PMT00804,C0804,Song_504,750.0,2024-06-25
PMT00805,C0805,Song_505,200.0,2024-04-16
PMT00806,C0806,Song_506,750.0,2024-01-29
PMT00807,C0807,Song_507,200.0,2024-02-04
PMT00808,C0808,Song_508,750.0,2024-05-20
PMT00809,C0809,Song_509,750.0,2024-08-03
PMT00810,C0810,Song_510,500.0,2024-04-21
PMT00811,C0811,Song_511,750.0,2024-08-03
PMT00812,C0812,Song_512,750.0,2024-06-13
PMT00813,C0813,Song_513,500.0,2024-05-15
PMT00814,C0814,Song_514,447.0,2024-05-26
PMT00815,C0815,Song_515,500.0,2024-01-04
PMT00816,C0816,Song_516,750.0,2024-03-01
PMT00817,C0817,Song_517,500.0,2024-04-10
PMT00818,C0818,Song_518,500.0,2024-05-04
PMT00819,C0819,Song_519,200.0,2024-04-14
PMT00820,C0820,Song_520,750.0,2024-06-13
PMT00821,C0821,Song_521,-59.69,2024-03-09
PMT00822,C0822,Song_522,117.5,2024-01-15
PMT00823,C0823,Song_523,750.0,2024-04-21
PMT00824,C0824,Song_524,907.72,2024-07-20
PMT00825,C0825,Song_525,750.0,2024-04-10
PMT00826,C0826,Song_526,500.0,2024-04-20
PMT00827,C0827,Song_527,200.0,2024-02-08
PMT00828,C0828,Song_528,750.0,2024-04-11
PMT00829,C0829,Song_529,500.0,2024-08-10
PMT00830,C0830,Song_530,200.0,2024-03-12
PMT00831,C0831,Song_531,750.0,2024-04-28
PMT00832,C0832,Song_532,217.16,2024-08-28
PMT00833,C0833,Song_533,200.0,2024-02-28
PMT00834,C0834,Song_534,200.0,2024-04-01
PMT00835,C0835,Song_535,750.0,2024-07-16
PMT00836,C0836,Song_536,200.0,2024-04-29
PMT00837,C0837,Song_537,200.0,2024-07-03
PMT00838,C0838,Song_538,200.0,2024-09-21
PMT00839,C0839,Song_539,200.0,2024-09-17
PMT00840,C0840,Song_540,750.0,2024-03-11
PMT00841,C0841,Song_541,750.0,2024-02-12
PMT00842,C0842,Song_542,-347.67,2024-05-05
PMT00843,C0843,Song_543,750.0,2024-05-11
PMT00844,C0844,Song_544,200.0,2024-06-25
PMT00845,C0845,Song_545,750.0,2024-08-11
PMT00846,C0846,Song_546,750.0,2024-02-15
PMT00847,C0847,Song_547,500.0,2024-05-25
PMT00848,C0848,Song_548,200.0,2024-09-04
PMT00849,C0849,Song_549,750.0,2024-07-08
PMT00850,C0850,Song_550,500.0,2024-01-17
PMT00851,C0851,Song_551,500.0,2024-03-26
PMT00852,C0852,Song_552,750.0,2024-04-20
PMT00853,C0853,Song_553,25.86,2024-01-26
PMT00854,C0854,Song_554,500.0,2024-08-09
PMT00855,C0855,Song_555,236.07,2024-03-28
PMT00856,C0856,Song_556,500.0,2024-06-07
PMT00857,C0857,Song_557,200.0,2024-09-18
PMT00858,C0858,Song_558,750.0,2024-03-20
PMT00859,C0859,Song_559,500.0,2024-07-08
PMT00860,C0860,Song_560,540.53,2024-01-16
PMT00861,C0861,Song_561,241.06,2024-08-06
PMT00862,C0862,Song_562,750.0,2024-09-21
PMT00863,C0863,Song_563,500.0,2024-02-21
PMT00864,C0864,Song_564,500.0,2024-03-31
PMT00865,C0865,Song_565,750.0,2024-09-06
PMT00866,C0866,Song_566,750.0,2024-04-05
PMT00867,C0867,Song_567,500.0,2024-07-26
PMT00868,C0868,Song_568,750.0,2024-01-03
PMT00869,C0869,Song_569,287.21,2024-03-26
PMT00870,C0870,Song_570,500.0,2024-07-01
PMT00871,C0871,Song_571,750.0,2024-05-19
PMT00872,C0872,Song_572,500.0,2024-04-03
PMT00873,C0873,Song_573,500.0,2024-02-25
PMT00874,C0874,Song_574,750.0,2024-08-05
PMT00875,C0875,Song_575,750.0,2024-08-04
PMT00876,C0876,Song_576,500.0,2024-09-09
PMT00877,C0877,Song_577,500.0,2024-02-03
PMT00878,C0878,Song_578,500.0,2024-06-11
PMT00879,C0879,Song_579,200.0,2024-03-07
PMT00880,C0880,Song_580,200.0,2024-08-19
PMT00881,C0881,Song_581,500.0,2024-07-18
PMT00882,C0882,Song_582,500.0,2024-07-21
PMT00883,C0883,Song_583,500.0,2024-08-06
PMT00884,C0884,Song_584,750.0,2024-01-14
PMT00885,C0885,Song_585,750.0,2024-09-16
PMT00886,C0886,Song_586,200.0,2024-02-11
PMT00887,C0887,Song_587,500.0,2024-03-09
PMT00888,C0888,Song_588,500.0,2024-05-24
PMT00889,C0889,Song_589,200.0,2024-06-29
PMT00890,C0890,Song_590,200.0,2024-04-16
PMT00891,C0891,Song_591,200.0,2024-09-24
PMT00892,C0892,Song_592,200.0,2024-02-04
PMT00893,C0893,Song_593,-109.2,2024-01-20
PMT00894,C0894,Song_594,-5.5,2024-02-12
PMT00895,C0895,Song_595,200.0,2024-01-12
PMT00896,C0896,Song_596,200.0,2024-07-05
PMT00897,C0897,Song_597,750.0,2024-09-01
PMT00898,C0898,Song_598,750.0,2024-07-12
PMT00899,C0899,Song_599,500.0,2024-06-14
PMT00900,C0900,Song_600,200.0,2024-02-01
PMT00901,C0901,Song_601,750.0,2024-03-17
PMT00902,C0902,Song_602,750.0,2024-06-06
PMT00903,C0903,Song_603,200.0,2024-02-02
PMT00904,C0904,Song_604,106.49,2024-07-29
PMT00905,C0905,Song_605,200.0,2024-02-01
PMT00906,C0906,Song_606,750.0,2024-01-07
PMT00907,C0907,Song_607,500.0,2024-04-30
PMT00908,C0908,Song_608,200.0,2024-09-17
PMT00909,C0909,Song_609,750.0,2024-07-01
PMT00910,C0910,Song_610,750.0,2024-02-20
PMT00911,C0911,Song_611,750.0,2024-06-06
PMT00912,C0912,Song_612,200.0,2024-08-03
PMT00913,C0913,Song_613,500.0,2024-01-03
PMT00914,C0914,Song_614,500.0,2024-07-25
PMT00915,C0915,Song_615,200.0,2024-08-18
PMT00916,C0916,Song_616,750.0,2024-08-14
PMT00917,C0917,Song_617,200.0,2024-03-29
PMT00918,C0918,Song_618,500.0,2024-05-25
PMT00919,C0919,Song_619,500.0,2024-03-07
PMT00920,C0920,Song_620,750.0,2024-05-01
PMT00921,C0921,Song_621,500.0,2024-06-13
PMT00922,C0922,Song_622,750.0,2024-08-09
PMT00923,C0923,Song_623,750.0,2024-07-01
PMT00924,C0924,Song_624,750.0,2024-04-11
PMT00925,C0925,Song_625,4.3,2024-02-19
PMT00926,C0926,Song_626,500.0,2024-04-30
PMT00927,C0927,Song_627,500.0,2024-07-03
PMT00928,C0928,Song_628,500.0,2024-07-24
PMT00929,C0929,Song_629,200.0,2024-08-14
PMT00930,C0930,Song_630,750.0,2024-05-10
PMT00931,C0931,Song_631,750.0,2024-02-12
PMT00932,C0932,Song_632,200.0,2024-08-30
PMT00933,C0933,Song_633,500.0,2024-06-04
PMT00934,C0934,Song_634,750.0,2024-01-11
PMT00935,C0935,Song_635,750.0,2024-04-03
PMT00936,C0936,Song_636,750.0,2024-06-09
PMT00937,C0937,Song_637,200.0,2024-08-16
PMT00938,C0938,Song_638,500.0,2024-02-13
PMT00939,C0939,Song_639,500.0,2024-02-10
PMT00940,C0940,Song_640,200.0,2024-09-21
PMT00941,C0941,Song_641,750.0,2024-05-11
PMT00942,C0942,Song_642,200.0,2024-02-23
PMT00943,C0943,Song_643,200.0,2024-05-24
PMT00944,C0944,Song_644,500.0,2024-02-27
PMT00945,C0945,Song_645,200.0,2024-02-19
PMT00946,C0946,Song_646,500.0,2024-02-27
PMT00947,C0947,Song_647,500.0,2024-09-06
PMT00948,C0948,Song_648,108.62,2024-02-06
PMT00949,C0949,Song_649,500.0,2024-05-29
PMT00950,C0950,Song_650,750.0,2024-01-17
PMT00951,C0951,Song_651,750.0,2024-02-10
PMT00952,C0952,Song_652,500.0,2024-09-12
PMT00953,C0953,Song_653,500.0,2024-08-23
PMT00954,C0954,Song_654,500.0,2024-04-28
PMT00955,C0955,Song_655,750.0,2024-06-03
PMT00956,C0956,Song_656,-1322.47,2024-03-27
PMT00957,C0957,Song_657,500.0,2024-04-24
PMT00958,C0958,Song_658,750.0,2024-04-17
PMT00959,C0959,Song_659,750.0,2024-07-27
PMT00960,C0960,Song_660,500.0,2024-04-16
PMT00961,C0961,Song_661,200.0,2024-09-03
PMT00962,C0962,Song_662,500.0,2024-02-25
PMT00963,C0963,Song_663,200.0,2024-06-09
PMT00964,C0964,Song_664,750.0,2024-05-29
PMT00965,C0965,Song_665,750.0,2024-08-01
PMT00966,C0966,Song_666,500.0,2024-01-11
PMT00967,C0967,Song_667,106.6,2024-09-17
PMT00968,C0968,Song_668,-258.37,2024-06-07
PMT00969,C0969,Song_669,500.0,2024-04-22
PMT00970,C0970,Song_670,500.0,2024-02-25
PMT00971,C0971,Song_671,500.0,2024-06-12
PMT00972,C0972,Song_672,750.0,2024-01-22
PMT00973,C0973,Song_673,750.0,2024-09-21
PMT00974,C0974,Song_674,200.0,2024-03-04
PMT00975,C0975,Song_675,750.0,2024-02-22
PMT00976,C0976,Song_676,200.0,2024-02-20
PMT00977,C0977,Song_677,200.0,2024-05-23
PMT00978,C0978,Song_678,200.0,2024-06-02
PMT00979,C0979,Song_679,500.0,2024-06-07
PMT00980,C0980,Song_680,750.0,2024-05-23
PMT00981,C0981,Song_681,500.0,2024-08-26
PMT00982,C0982,Song_682,750.0,2024-05-09
PMT00983,C0983,Song_683,500.0,2024-07-30
PMT00984,C0984,Song_684,500.0,2024-02-12
PMT00985,C0985,Song_685,612.18,2024-04-27
PMT00986,C0986,Song_686,500.0,2024-06-23
PMT00987,C0987,Song_687,750.0,2024-05-01
PMT00988,C0988,Song_688,839.26,2024-02-03
PMT00989,C0989,Song_689,750.0,2024-09-19
PMT00990,C0990,Song_690,750.0,2024-01-11
PMT00991,C0991,Song_691,500.0,2024-03-06
PMT00992,C0992,Song_692,750.0,2024-01-24
PMT00993,C0993,Song_693,500.0,2024-06-08
PMT00994,C0994,Song_694,200.0,2024-09-11
PMT00995,C0995,Song_695,750.0,2024-05-10
PMT00996,C0996,Song_696,750.0,2024-03-09
PMT00997,C0997,Song_697,200.0,2024-07-31
PMT00998,C0998,Song_698,750.0,2024-09-10
PMT00999,C0999,Song_699,-352.48,2024-09-17
PMT01000,C1000,Song_700,750.0,2024-08-14
